goal,criterion_id,criterion,verdict,evidence,scope_or_gap,source_matrix
"14","G14-01","Authoritative next-stage product constitution","FAIL","constitution-grammar/matrix.csv; docs/product-contract.md; report.md CG-01; constitution-grammar/package-inventory.stdout.txt","Original lane qualification: Accepted recovery rule contradicts packaged API; current execution/limitations are in the joined replay receipt.","constitution-grammar/matrix.csv"
"14","G14-02","Authoritative capability decision record","PASS","constitution-grammar/matrix.csv; docs/next-stage/decision-record.md; inventory-provenance.md; constitution-grammar/package-inventory.stdout.txt","Original lane qualification: E1-E160 each occur exactly once; current execution/limitations are in the joined replay receipt.","constitution-grammar/matrix.csv"
"14","G14-03","Examine current FunnySharp public surface","PASS","constitution-grammar/matrix.csv; Historical Git inventory; packaged core reflection; main API gate; constitution-grammar/package-inventory.stdout.txt","Original lane qualification: Historical and candidate surfaces are distinguished; current execution/limitations are in the joined replay receipt.","constitution-grammar/matrix.csv"
"14","G14-04","Examine relevant then-current .NET/BCL feature families","PASS","constitution-grammar/matrix.csv; inventory/bcl.md; analysis/baseline-bcl.md; eight BCL/framework dump hashes; constitution-grammar/package-inventory.stdout.txt","Original lane qualification: Historical pack regeneration not rerun; current execution/limitations are in the joined replay receipt.","constitution-grammar/matrix.csv"
"14","G14-05","Examine relevant FSharp.Core feature families","PASS","constitution-grammar/matrix.csv; inventory/fsharp-core.md; analysis/baseline-fsharp-core.md; actual 10.1.401 archive hash; constitution-grammar/package-inventory.stdout.txt","Original lane qualification: Focus dump supplements canonical ValueOption filter omission; current execution/limitations are in the joined replay receipt.","constitution-grammar/matrix.csv"
"14","G14-06","Examine relevant Funcky feature families","PASS","constitution-grammar/matrix.csv; inventory/funcky.md; analysis/baseline-funcky.md; actual 3.6.0 archive hash; constitution-grammar/package-inventory.stdout.txt","Original lane qualification: Released package separated from unreleased clone content; current execution/limitations are in the joined replay receipt.","constitution-grammar/matrix.csv"
"14","G14-07","Examine relevant CSharpFunctionalExtensions feature families","PASS","constitution-grammar/matrix.csv; inventory/csharpfunctionalextensions.md; analysis/baseline-csharpfunctionalextensions.md; actual 3.7.0 archive hash; constitution-grammar/package-inventory.stdout.txt","Original lane qualification: Operator-aware inventory separated from older prose counts; current execution/limitations are in the joined replay receipt.","constitution-grammar/matrix.csv"
"14","G14-08","Examine relevant language-ext feature families","PASS","constitution-grammar/matrix.csv; inventory/language-ext.md; analysis/baseline-language-ext.md; actual 4.4.9 archive hash; constitution-grammar/package-inventory.stdout.txt","Original lane qualification: Top-level supplementary and global/typeclass/pipes inventories included; current execution/limitations are in the joined replay receipt.","constitution-grammar/matrix.csv"
"14","G14-09","No silent omissions in relevant families","PASS","constitution-grammar/matrix.csv; Eleven-family reconciliation; record memo reconciliation; stated inventory exclusions; constitution-grammar/package-inventory.stdout.txt","Original lane qualification: Does not assert every unrelated BCL or competitor member requires a decision; current execution/limitations are in the joined replay receipt.","constitution-grammar/matrix.csv"
"14","G14-10","Every FunnySharp API has keep/redesign/experimental/remove decision","PASS","constitution-grammar/matrix.csv; Historical multiset comparison; 269 CSV rows; report decision trace; constitution-grammar/package-inventory.stdout.txt","Original lane qualification: 269 original members have zero missing or extra rows; current execution/limitations are in the joined replay receipt.","constitution-grammar/matrix.csv"
"14","G14-11","Every relevant external capability has adopt/adapt/defer/reject decision","PASS","constitution-grammar/matrix.csv; 160 E rows; family recount; memo reconciliation; constitution-grammar/package-inventory.stdout.txt","Original lane qualification: Compound decisions retain their stated scope; current execution/limitations are in the joined replay receipt.","constitution-grammar/matrix.csv"
"14","G14-C1","Ordinary C# usefulness drives decisions","PASS","constitution-grammar/matrix.csv; API decisions C1; external rationales; BCL duplicate-risk analysis; constitution-grammar/package-inventory.stdout.txt","Original lane qualification: Recorded rationale not a claim every kept API improves every workflow; current execution/limitations are in the joined replay receipt.","constitution-grammar/matrix.csv"
"14","G14-C2","Consumer semantic LOC drives decisions","PASS","constitution-grammar/matrix.csv; Call sites W1-W11 and WF1-WF7; recorded honest losses; constitution-grammar/package-inventory.stdout.txt","Original lane qualification: Goal14 requires consideration rather than universal shortening; current execution/limitations are in the joined replay receipt.","constitution-grammar/matrix.csv"
"14","G14-C3","Signature clarity drives decisions","PASS","constitution-grammar/matrix.csv; AD4 rename; typed errors; explicit public factory/conversion shapes; constitution-grammar/package-inventory.stdout.txt","Original lane qualification: Current recovery contradiction separately fails vocabulary clause; current execution/limitations are in the joined replay receipt.","constitution-grammar/matrix.csv"
"14","G14-C4","Compile-time verifiability drives decisions","PASS","constitution-grammar/matrix.csv; Default-state and conversion rejection rationales; GrammarInferenceTests; constitution-grammar/package-inventory.stdout.txt","Original lane qualification: Main Release build and tests reproduced compiler evidence; current execution/limitations are in the joined replay receipt.","constitution-grammar/matrix.csv"
"14","G14-C5","AI predictability drives decisions","PASS","constitution-grammar/matrix.csv; Single carriers; alias rejection; bounded arity; explicit canonical forms; constitution-grammar/package-inventory.stdout.txt","Original lane qualification: Does not substitute for Goal21 AI-evaluation evidence; current execution/limitations are in the joined replay receipt.","constitution-grammar/matrix.csv"
"14","G14-C6","BCL interoperability drives decisions","PASS","constitution-grammar/matrix.csv; Actual public API and platform references; external inventories; constitution-grammar/package-inventory.stdout.txt","Original lane qualification: Sequences delegates awaitables and cancellation remain BCL-shaped; current execution/limitations are in the joined replay receipt.","constitution-grammar/matrix.csv"
"14","G14-C7","Async and cancellation semantics drive decisions","PASS","constitution-grammar/matrix.csv; Token-aware composition; bounded operators; external cancellation rationales; constitution-grammar/package-inventory.stdout.txt","Original lane qualification: Specific unrun historical competitor behavior remains unverified; current execution/limitations are in the joined replay receipt.","constitution-grammar/matrix.csv"
"14","G14-C8","Credible performance feasibility drives decisions","PASS","constitution-grammar/matrix.csv; Per-family feasibility rationales; function benchmark characterization and exclusions; constitution-grammar/package-inventory.stdout.txt","Original lane qualification: Historical numerical comparisons not independently rerun; current execution/limitations are in the joined replay receipt.","constitution-grammar/matrix.csv"
"14","G14-12","One canonical vocabulary defined","FAIL","constitution-grammar/matrix.csv; Product contract naming rule; packaged Recover signature; CG-01; constitution-grammar/package-inventory.stdout.txt","Original lane qualification: Recovery eager/lazy meaning is inconsistent; current execution/limitations are in the joined replay receipt.","constitution-grammar/matrix.csv"
"14","G14-13","Stability boundary defined and accepted","PASS","constitution-grammar/matrix.csv; A5 acceptance; stability inventory; actual FS0017 attributes; constitution-grammar/package-inventory.stdout.txt","Original lane qualification: One experimental type plus sixteen public methods; current execution/limitations are in the joined replay receipt.","constitution-grammar/matrix.csv"
"14","G14-14","Repository maintainer accepts vocabulary and stability","PASS","constitution-grammar/matrix.csv; maintainer-acceptance.md A1-A8; G16 acceptance outcomes; constitution-grammar/package-inventory.stdout.txt","Original lane qualification: Recorded acceptance inspected without inventing transcript provenance; current execution/limitations are in the joined replay receipt.","constitution-grammar/matrix.csv"
"14","G14-15","Unresolved qualitative judgments explicitly unverified","PASS","constitution-grammar/matrix.csv; Record and memo UNVERIFIED sections; report limits; constitution-grammar/package-inventory.stdout.txt","Original lane qualification: E140 maintenance inference and unrun experiments remain unverified; current execution/limitations are in the joined replay receipt.","constitution-grammar/matrix.csv"
"14","G14-X1","No competitor dependency","PASS","constitution-grammar/matrix.csv; Actual candidate nuspecs and core assembly references; constitution-grammar/package-inventory.stdout.txt","Original lane qualification: Comparison tooling outside shipping packages is not a runtime dependency; current execution/limitations are in the joined replay receipt.","constitution-grammar/matrix.csv"
"14","G14-X2","No competitor carrier conversion","PASS","constitution-grammar/matrix.csv; Actual public APIs; zero conversion operators; constitution-grammar/package-inventory.stdout.txt","Original lane qualification: Only FunnySharp/BCL conversion boundaries exist; current execution/limitations are in the joined replay receipt.","constitution-grammar/matrix.csv"
"14","G14-X3","No compatibility package naming concession or migration promise","PASS","constitution-grammar/matrix.csv; Exactly two shipping packages; accepted vocabulary and API inventory; constitution-grammar/package-inventory.stdout.txt","Original lane qualification: No competitor-targeted shipped surface observed; current execution/limitations are in the joined replay receipt.","constitution-grammar/matrix.csv"
"14","G14-X4","Reject custom runtime and scheduler","PASS","constitution-grammar/matrix.csv; Actual public types; delegate effects; platform references; constitution-grammar/package-inventory.stdout.txt","Original lane qualification: Ordinary BCL continuations are not a custom scheduler; current execution/limitations are in the joined replay receipt.","constitution-grammar/matrix.csv"
"14","G14-X5","Reject replacement collection universe","PASS","constitution-grammar/matrix.csv; BCL public signatures; NonEmpty source and packaged type; constitution-grammar/package-inventory.stdout.txt","Original lane qualification: NonEmpty has no IEnumerable implementation or indexer; current execution/limitations are in the joined replay receipt.","constitution-grammar/matrix.csv"
"14","G14-X6","Reject pervasive immutability","PASS","constitution-grammar/matrix.csv; Actual caller-owned spans/collections; opt-in optics; constitution-grammar/package-inventory.stdout.txt","Original lane qualification: No mandatory immutable collection dependency; current execution/limitations are in the joined replay receipt.","constitution-grammar/matrix.csv"
"14","G14-X7","Reject HKT or monad-transformer hierarchy","PASS","constitution-grammar/matrix.csv; Actual public types and generic delegate signatures; constitution-grammar/package-inventory.stdout.txt","Original lane qualification: No K/Monad/typeclass/transformer surface; current execution/limitations are in the joined replay receipt.","constitution-grammar/matrix.csv"
"14","G14-X8","Reject premature general discriminated unions","PASS","constitution-grammar/matrix.csv; Actual public types; product deferral; constitution-grammar/package-inventory.stdout.txt","Original lane qualification: Focused carriers are not a general union system; current execution/limitations are in the joined replay receipt.","constitution-grammar/matrix.csv"
"14","G14-E1","Version/commit-pinned inventories","PASS","constitution-grammar/matrix.csv; Recomputed external archives and historical dump hashes; constitution-grammar/package-inventory.stdout.txt","Original lane qualification: Current overwritten dump pointers require historical recovery; current execution/limitations are in the joined replay receipt.","constitution-grammar/matrix.csv"
"14","G14-E2","Representative side-by-side call sites","PASS","constitution-grammar/matrix.csv; W1-W11 and WF1-WF7 source/doc inspection; constitution-grammar/package-inventory.stdout.txt","Original lane qualification: Historical scratch projects are machine-specific and nonshipping; current execution/limitations are in the joined replay receipt.","constitution-grammar/matrix.csv"
"14","G14-E3","Recorded rationales","PASS","constitution-grammar/matrix.csv; AD1-AD10; E1-E160; criteria/family recount; constitution-grammar/package-inventory.stdout.txt","Original lane qualification: Every external row has an explicit criterion reference; current execution/limitations are in the joined replay receipt.","constitution-grammar/matrix.csv"
"14","G14-E4","Complete decision matrix","PASS","constitution-grammar/matrix.csv; 269-row multiset coverage and decision distribution; constitution-grammar/package-inventory.stdout.txt","Original lane qualification: No row duplicates using type/kind/member keys; current execution/limitations are in the joined replay receipt.","constitution-grammar/matrix.csv"
"14","G14-SCOPE","Product decision goal does not require implementing every surveyed feature","PASS","constitution-grammar/matrix.csv; Decision triggers and later-goal ownership; constitution-grammar/package-inventory.stdout.txt","Original lane qualification: Absent deferred/rejected APIs not treated as missing implementations; current execution/limitations are in the joined replay receipt.","constitution-grammar/matrix.csv"
"16","G16-01","Small orthogonal predictable functional grammar","FAIL","constitution-grammar/matrix.csv; CG-01 through CG-03; constitution-grammar/package-inventory.stdout.txt","Original lane qualification: Authoritative semantics and coverage inconsistent with actual API; current execution/limitations are in the joined replay receipt.","constitution-grammar/matrix.csv"
"16","G16-02","Materially less consumer semantic LOC","UNVERIFIED","constitution-grammar/matrix.csv; CG-04; 101 versus 117 semantic units; constitution-grammar/package-inventory.stdout.txt","Original lane qualification: Missing candidate-bound equivalent representative density evidence beyond isolated protocol wins; current execution/limitations are in the joined replay receipt.","constitution-grammar/matrix.csv"
"16","G16-03","No hidden control flow or runtime cost","PASS","constitution-grammar/matrix.csv; Function source and contracts; disclosed delegates and materialization; package probes; constitution-grammar/package-inventory.stdout.txt","Original lane qualification: Recovery contract contradiction separately recorded; current execution/limitations are in the joined replay receipt.","constitution-grammar/matrix.csv"
"16","G16-04","Every stable verb has primary meaning","FAIL","constitution-grammar/matrix.csv; CG-01; authoritative eager/lazy rule; constitution-grammar/package-inventory.stdout.txt","Original lane qualification: Recover is lazy despite the authoritative eager rule; current execution/limitations are in the joined replay receipt.","constitution-grammar/matrix.csv"
"16","G16-05","Predictable output shape across valid carriers","FAIL","constitution-grammar/matrix.csv; CG-02; Lens.Compose(Optional) actual signature; constitution-grammar/package-inventory.stdout.txt","Original lane qualification: Same optic kind table entry is incorrect; current execution/limitations are in the joined replay receipt.","constitution-grammar/matrix.csv"
"16","G16-06","Inference-friendly function piping","PASS","constitution-grammar/matrix.csv; FunctionExtensions.Pipe; examples; main build/tests; constitution-grammar/package-inventory.stdout.txt","Original lane qualification: Async delegates naturally return awaitables without PipeAsync; current execution/limitations are in the joined replay receipt.","constitution-grammar/matrix.csv"
"16","G16-07","Inference-friendly composition","PASS","constitution-grammar/matrix.csv; Compose family; GrammarInferenceTests; actual token-aware package probe; constitution-grammar/package-inventory.stdout.txt","Original lane qualification: Typed receiver lift for instance method groups is documented; current execution/limitations are in the joined replay receipt.","constitution-grammar/matrix.csv"
"16","G16-08","Inference-friendly currying","PASS","constitution-grammar/matrix.csv; Binary Curry/Uncurry signatures and inference tests; constitution-grammar/package-inventory.stdout.txt","Original lane qualification: No arity tower added; current execution/limitations are in the joined replay receipt.","constitution-grammar/matrix.csv"
"16","G16-09","Inference-friendly partial application","PASS","constitution-grammar/matrix.csv; Partial/Flip signatures and inference tests; constitution-grammar/package-inventory.stdout.txt","Original lane qualification: First argument binding and Flip position are explicit; current execution/limitations are in the joined replay receipt.","constitution-grammar/matrix.csv"
"16","G16-10","Canonical fallible composition","PASS","constitution-grammar/matrix.csv; Bind documentation; WF3; example verification; constitution-grammar/package-inventory.stdout.txt","Original lane qualification: No Kleisli wrapper or fallible pipeline hierarchy; current execution/limitations are in the joined replay receipt.","constitution-grammar/matrix.csv"
"16","G16-11","Canonical observation","PASS","constitution-grammar/matrix.csv; Tap/Task/ValueTask signatures; async composition tests; constitution-grammar/package-inventory.stdout.txt","Original lane qualification: Observation returns original value and awaits once; current execution/limitations are in the joined replay receipt.","constitution-grammar/matrix.csv"
"16","G16-12","Canonical recovery","FAIL","constitution-grammar/matrix.csv; CG-01; package Recover probe; constitution-grammar/package-inventory.stdout.txt","Original lane qualification: Actual lazy value-producing callback is misdescribed; current execution/limitations are in the joined replay receipt.","constitution-grammar/matrix.csv"
"16","G16-13","Canonical folding","PASS","constitution-grammar/matrix.csv; BCL Aggregate/AggregateAsync grammar; NonEmpty seedless fold; constitution-grammar/package-inventory.stdout.txt","Original lane qualification: No duplicate seeded fold universe; current execution/limitations are in the joined replay receipt.","constitution-grammar/matrix.csv"
"16","G16-14","Canonical related running-aggregate workflow","PASS","constitution-grammar/matrix.csv; Scan source/tests; packaged Scan probe; constitution-grammar/package-inventory.stdout.txt","Original lane qualification: Seed excluded and empty source yields no results; current execution/limitations are in the joined replay receipt.","constitution-grammar/matrix.csv"
"16","G16-15","One documented canonical usage for operations","FAIL","constitution-grammar/matrix.csv; CG-03; span and factory verbs absent from table; constitution-grammar/package-inventory.stdout.txt","Original lane qualification: Per-feature contracts do not make the authoritative table complete; current execution/limitations are in the joined replay receipt.","constitution-grammar/matrix.csv"
"16","G16-16","Sync/async forms share concepts","PASS","constitution-grammar/matrix.csv; Compose/Tap/Map/Bind/Scan naming and source; constitution-grammar/package-inventory.stdout.txt","Original lane qualification: Task and ValueTask forms remain distinguished; current execution/limitations are in the joined replay receipt.","constitution-grammar/matrix.csv"
"16","G16-17","No carrier-derived names aliases or generated overload proliferation","PASS","constitution-grammar/matrix.csv; Actual 15-member function surface; bounded Zip; delivered seven renames; constitution-grammar/package-inventory.stdout.txt","Original lane qualification: No old ComposeAsync ValueTask or UnitResult.Map aliases remain; current execution/limitations are in the joined replay receipt.","constitution-grammar/matrix.csv"
"16","G16-18","LINQ bridge secondary","PASS","constitution-grammar/matrix.csv; Grammar and examples member forms first; actual Select/SelectMany APIs; constitution-grammar/package-inventory.stdout.txt","Original lane qualification: Validation has no Bind/SelectMany and UnitResult no LINQ bridge; current execution/limitations are in the joined replay receipt.","constitution-grammar/matrix.csv"
"16","G16-19","Evaluation order inferable","PASS","constitution-grammar/matrix.csv; Left-to-right contracts/source; packaged composition trace; constitution-grammar/package-inventory.stdout.txt","Original lane qualification: CG-01 recovery naming exception remains a separate failure; current execution/limitations are in the joined replay receipt.","constitution-grammar/matrix.csv"
"16","G16-20","Short-circuiting inferable","PASS","constitution-grammar/matrix.csv; Carrier output contracts; inspected source and passing semantic tests; constitution-grammar/package-inventory.stdout.txt","Original lane qualification: Uninitialized programming-error states remain explicit; current execution/limitations are in the joined replay receipt.","constitution-grammar/matrix.csv"
"16","G16-21","Exception behavior inferable","PASS","constitution-grammar/matrix.csv; Source contracts; async composition identity tests; main test receipt; constitution-grammar/package-inventory.stdout.txt","Original lane qualification: Normal exceptions not a custom failure runtime; current execution/limitations are in the joined replay receipt.","constitution-grammar/matrix.csv"
"16","G16-22","Cancellation behavior inferable","PASS","constitution-grammar/matrix.csv; Explicit tokens; enumeration token contract; exact-token package probe; constitution-grammar/package-inventory.stdout.txt","Original lane qualification: No eager cancellation added where delegates own observation; current execution/limitations are in the joined replay receipt.","constitution-grammar/matrix.csv"
"16","G16-23","Enumeration behavior inferable","PASS","constitution-grammar/matrix.csv; Deferred Scan/Choose source; async Scan tests; main receipt; constitution-grammar/package-inventory.stdout.txt","Original lane qualification: One pass per consumer enumeration and no implicit caching; current execution/limitations are in the joined replay receipt.","constitution-grammar/matrix.csv"
"16","G16-24","Materialization behavior inferable","PASS","constitution-grammar/matrix.csv; Sequence/traversal contracts; caller-buffered source contracts; constitution-grammar/package-inventory.stdout.txt","Original lane qualification: Missing span table rows separately fail authoritative coverage; current execution/limitations are in the joined replay receipt.","constitution-grammar/matrix.csv"
"16","G16-X1","Avoid reflection on normal paths","PASS","constitution-grammar/matrix.csv; Shipping source scan; delegate optic implementations; constitution-grammar/package-inventory.stdout.txt","Original lane qualification: Audit reflection is not shipping implementation; current execution/limitations are in the joined replay receipt.","constitution-grammar/matrix.csv"
"16","G16-X2","Avoid dynamic dispatch mechanisms","PASS","constitution-grammar/matrix.csv; Shipping source scan; actual strongly typed public APIs; constitution-grammar/package-inventory.stdout.txt","Original lane qualification: Ordinary delegates/interfaces are BCL interoperability rather than dynamic binding; current execution/limitations are in the joined replay receipt.","constitution-grammar/matrix.csv"
"16","G16-X3","Avoid hidden scheduling","PASS","constitution-grammar/matrix.csv; No Task.Run or scheduler API; sequential composition; completion-guard reads; constitution-grammar/package-inventory.stdout.txt","Original lane qualification: BCL bounded concurrency is explicitly named; current execution/limitations are in the joined replay receipt.","constitution-grammar/matrix.csv"
"16","G16-X4","Avoid HKT simulation","PASS","constitution-grammar/matrix.csv; Actual public types and signatures; constitution-grammar/package-inventory.stdout.txt","Original lane qualification: No higher-kinded carrier/typeclass mechanism; current execution/limitations are in the joined replay receipt.","constitution-grammar/matrix.csv"
"16","G16-X5","Avoid operator tricks","PASS","constitution-grammar/matrix.csv; Actual public inventory; simple equality operators only; constitution-grammar/package-inventory.stdout.txt","Original lane qualification: Compiler-generated record equality is not a control-flow operator; current execution/limitations are in the joined replay receipt.","constitution-grammar/matrix.csv"
"16","G16-X6","Avoid magical implicit conversions","PASS","constitution-grammar/matrix.csv; Actual packaged inventory has zero implicit/explicit conversion operators; constitution-grammar/package-inventory.stdout.txt","Original lane qualification: Created carrier branches remain explicit; current execution/limitations are in the joined replay receipt.","constitution-grammar/matrix.csv"
"16","G16-E1","Authoritative grammar table","FAIL","constitution-grammar/matrix.csv; CG-01 through CG-03; constitution-grammar/package-inventory.stdout.txt","Original lane qualification: Incorrect recovery/output entries and stable-verb omissions; current execution/limitations are in the joined replay receipt.","constitution-grammar/matrix.csv"
"16","G16-E2","Compile-time ambiguity and inference tests","PASS","constitution-grammar/matrix.csv; GrammarInferenceTests; main zero-error build and 1099 tests; constitution-grammar/package-inventory.stdout.txt","Original lane qualification: Explicit subtype-widening friction is documented rather than hidden; current execution/limitations are in the joined replay receipt.","constitution-grammar/matrix.csv"
"16","G16-E3","Public API diff and inventory","PASS","constitution-grammar/matrix.csv; Historical comparison; main API gate; actual 48/472 core inventory; constitution-grammar/package-inventory.stdout.txt","Original lane qualification: 49/492 across both actual assemblies; current execution/limitations are in the joined replay receipt.","constitution-grammar/matrix.csv"
"16","G16-E4","Representative comparisons demonstrate shorter FunnySharp workflows","UNVERIFIED","constitution-grammar/matrix.csv; CG-04; honest WF1-WF7 study; constitution-grammar/package-inventory.stdout.txt","Original lane qualification: One Scan win does not independently establish the broader density claim; current execution/limitations are in the joined replay receipt.","constitution-grammar/matrix.csv"
"16","G16-E5","Maintainers judge exact variants at least as explicit/readable","PASS","constitution-grammar/matrix.csv; G16-8 accepted 2026-09-19; constitution-grammar/package-inventory.stdout.txt","Original lane qualification: Acceptance applies to the supplied variants and acknowledged losses; current execution/limitations are in the joined replay receipt.","constitution-grammar/matrix.csv"
"16","G16-E6","Raw line count alone not completion evidence","PASS","constitution-grammar/matrix.csv; Semantic S/O analysis; contracts/tests/readability evidence; constitution-grammar/package-inventory.stdout.txt","Original lane qualification: Raw-count scanner limitations are disclosed; current execution/limitations are in the joined replay receipt.","constitution-grammar/matrix.csv"
"15","G15-01","Exactly four canonical business outcome carriers","PASS","carriers-collections/clause-matrix.csv; package-inventory.fsx; eng/api-baseline/FunnySharp.public-api.txt:1-522; carriers-collections/main-session-replay.md","Original lane qualification: Actual package has 48 exported types and 472 retained declared public members; current execution/limitations are in the joined replay receipt.","carriers-collections/clause-matrix.csv"
"15","G15-02","Option represents absence rather than error","PASS","carriers-collections/clause-matrix.csv; src/FunnySharp/Option.cs:109-222; docs/option.md:45-69; carriers-collections/main-session-replay.md","Original lane qualification: Default None independently reproduced; current execution/limitations are in the joined replay receipt.","carriers-collections/clause-matrix.csv"
"15","G15-03","Result value-producing fail-fast work","PASS","carriers-collections/clause-matrix.csv; src/FunnySharp/Result.cs:394-807; tests/FunnySharp.Tests/ResultTests.cs:105-330; carriers-collections/main-session-replay.md","Original lane qualification: Source algorithms and semantic/law tests inspected; current execution/limitations are in the joined replay receipt.","carriers-collections/clause-matrix.csv"
"15","G15-04","UnitResult no meaningful success payload","PASS","carriers-collections/clause-matrix.csv; src/FunnySharp/UnitResult.cs:251-401; docs/unit-result.md:9-29; carriers-collections/main-session-replay.md","Original lane qualification: Package keyed UnitResult returns Success without a value list; current execution/limitations are in the joined replay receipt.","carriers-collections/clause-matrix.csv"
"15","G15-05","Validation accumulates independent errors deterministically","PASS","carriers-collections/clause-matrix.csv; src/FunnySharp/Validation.cs:202-441; tests/FunnySharp.Tests/ValidationTests.cs:173-325; carriers-collections/main-session-replay.md","Original lane qualification: Left-to-right and per-operand order inspected; current execution/limitations are in the joined replay receipt.","carriers-collections/clause-matrix.csv"
"15","G15-06","Construct and inspect explicit branches safely","PASS","carriers-collections/clause-matrix.csv; src/FunnySharp/Option.cs:132-180; Result.cs:415-490; UnitResult.cs:270-348; Validation.cs:30-139; carriers-collections/main-session-replay.md","Original lane qualification: No unsafe Value/Error payload accessor in package inventory; current execution/limitations are in the joined replay receipt.","carriers-collections/clause-matrix.csv"
"15","G15-07","Match selects exactly one branch","PASS","carriers-collections/clause-matrix.csv; tests/FunnySharp.Tests/OptionTests.cs:107-176; ResultTests.cs:30-104; UnitResultTests.cs:40-99; ValidationTests.cs:46-91; carriers-collections/main-session-replay.md","Original lane qualification: Argument validation precedes branch selection; current execution/limitations are in the joined replay receipt.","carriers-collections/clause-matrix.csv"
"15","G15-08","Map and semantically valid Bind","PASS","carriers-collections/clause-matrix.csv; src/FunnySharp/Option.cs:189-214; Result.cs:533-568; UnitResult.cs:379-389; Validation.cs:162-175; carriers-collections/main-session-replay.md","Original lane qualification: Validation deliberately has no Bind; current execution/limitations are in the joined replay receipt.","carriers-collections/clause-matrix.csv"
"15","G15-09","Validate and recover without dummy values","PASS","carriers-collections/clause-matrix.csv; src/FunnySharp/Result.cs:595-657; UnitResult.cs:397-451; docs/unit-result.md:37-79; carriers-collections/main-session-replay.md","Original lane qualification: UnitResult uses Ensure and RecoverWith; current execution/limitations are in the joined replay receipt.","carriers-collections/clause-matrix.csv"
"15","G15-10","Combine without nested tuple ceremony","PASS","carriers-collections/clause-matrix.csv; src/FunnySharp/Option.cs:242-309; Result.cs:692-773; Validation.cs:248-354; carriers-collections/main-session-replay.md","Original lane qualification: Direct 2-4 operand combiners; width intentionally bounded; current execution/limitations are in the joined replay receipt.","carriers-collections/clause-matrix.csv"
"15","G15-11","Cross synchronous and asynchronous boundaries","PASS","carriers-collections/clause-matrix.csv; src/FunnySharp/OptionExtensions.cs:68-256; ResultExtensions.cs:64-276; UnitResultExtensions.cs:106-301; ValidationExtensions.cs:32-146; carriers-collections/main-session-replay.md","Original lane qualification: Ordinary Task/ValueTask operations rather than async carriers; current execution/limitations are in the joined replay receipt.","carriers-collections/clause-matrix.csv"
"15","G15-12","No ambiguous null branch creation","PASS","carriers-collections/clause-matrix.csv; docs/option.md:45-59; docs/result.md:18-20; docs/validation.md:16-18; async-null-probe.fsx; carriers-collections/main-session-replay.md","Original lane qualification: Some rejects null; nullable Option bridges normalize; other cases preserve nullable payloads; current execution/limitations are in the joined replay receipt.","carriers-collections/clause-matrix.csv"
"15","G15-13","No hidden implicit conversions","PASS","carriers-collections/clause-matrix.csv; Actual package member inventory; docs/unit-result.md:234-235; carriers-collections/main-session-replay.md","Original lane qualification: Inventory contains equality operators but no carrier conversion operators; current execution/limitations are in the joined replay receipt.","carriers-collections/clause-matrix.csv"
"15","G15-14","No duplicate Maybe carrier","PASS","carriers-collections/clause-matrix.csv; package-inventory.fsx; carriers-collections/main-session-replay.md","Original lane qualification: forbiddenTypes=0; current execution/limitations are in the joined replay receipt.","carriers-collections/clause-matrix.csv"
"15","G15-15","Option default valid None","PASS","carriers-collections/clause-matrix.csv; keyed-probe.fsx; tests/FunnySharp.Tests/DefaultStateTests.cs:152-198; carriers-collections/main-session-replay.md","Original lane qualification: Actual package IsNone=True; current execution/limitations are in the joined replay receipt.","carriers-collections/clause-matrix.csv"
"15","G15-16","Result default never domain outcome","PASS","carriers-collections/clause-matrix.csv; keyed-probe.fsx; src/FunnySharp/Result.cs:896-903; DefaultStateTests.cs:9-83; carriers-collections/main-session-replay.md","Original lane qualification: Actual package IsSuccess throws InvalidOperationException; current execution/limitations are in the joined replay receipt.","carriers-collections/clause-matrix.csv"
"15","G15-17","UnitResult default never domain outcome","PASS","carriers-collections/clause-matrix.csv; keyed-probe.fsx; UnitResult.cs:562-569; UnitResultTests.cs:395-487; carriers-collections/main-session-replay.md","Original lane qualification: State/equality/hash guards inspected; current execution/limitations are in the joined replay receipt.","carriers-collections/clause-matrix.csv"
"15","G15-18","Validation default never domain outcome","PASS","carriers-collections/clause-matrix.csv; keyed-probe.fsx; Validation.cs:512-519; DefaultStateTests.cs:85-150; carriers-collections/main-session-replay.md","Original lane qualification: Actual package IsValid throws InvalidOperationException; current execution/limitations are in the joined replay receipt.","carriers-collections/clause-matrix.csv"
"15","G15-19","Absence typed failure errors exceptions cancellation distinct","PASS","carriers-collections/clause-matrix.csv; src/FunnySharp/Result.cs:31-46,258-323; UnitResult.cs:40-56; async-null-probe.fsx; carriers-collections/main-session-replay.md","Original lane qualification: Explicit boundary adapters only; natural-await and state-transfer OCE distinctions recorded; current execution/limitations are in the joined replay receipt.","carriers-collections/clause-matrix.csv"
"15","G15-20","Validation does not falsely promise dependent accumulation","PASS","carriers-collections/clause-matrix.csv; package-inventory.fsx; docs/validation.md:34-37; carriers-collections/main-session-replay.md","Original lane qualification: forbiddenValidationMethods=0; current execution/limitations are in the joined replay receipt.","carriers-collections/clause-matrix.csv"
"15","G15-21","Equality hashing nullability nesting explicit","PASS","carriers-collections/clause-matrix.csv; Option.cs:414-456; Result.cs:829-891; UnitResult.cs:491-560; Validation.cs:362-455; async-null-probe.fsx; carriers-collections/main-session-replay.md","Original lane qualification: Null hash equality and immutable error snapshot independently exercised; nesting algorithms and tests inspected; current execution/limitations are in the joined replay receipt.","carriers-collections/clause-matrix.csv"
"15","G15-22","Exception preservation and cancellation explicit","PASS","carriers-collections/clause-matrix.csv; Result.cs:159-323; tests/FunnySharp.Tests/ResultBoundaryTests.cs:8-370; async-null-probe.fsx; carriers-collections/main-session-replay.md","Original lane qualification: Actual faulted-OCE state and exception identity discriminated; current execution/limitations are in the joined replay receipt.","carriers-collections/clause-matrix.csv"
"15","G15-23","Task and ValueTask behavior explicit","PASS","carriers-collections/clause-matrix.csv; value-task-probe.fsx; tests/FunnySharp.Tests/ValueTaskConsumptionTests.cs:8-115; carriers-collections/main-session-replay.md","Original lane qualification: All four completed and pending IValueTaskSource cases consume once; current execution/limitations are in the joined replay receipt.","carriers-collections/clause-matrix.csv"
"15","G15-24","Public API and compiling business examples evidence","PASS","carriers-collections/clause-matrix.csv; package-inventory.fsx; ../baseline/main-session-checks.md; carriers-collections/main-session-replay.md","Original lane qualification: Main candidate examples and 56 snippets passed; reflection probe does not test C# inference; current execution/limitations are in the joined replay receipt.","carriers-collections/clause-matrix.csv"
"15","G15-25","Semantic law misuse and edge tests","PASS","carriers-collections/clause-matrix.csv; OptionTests.cs:177-276; ResultTests.cs:105-212; UnitResultTests.cs:264-318,395-487; ValidationTests.cs:95-325; ../baseline/report.md; carriers-collections/main-session-replay.md","Original lane qualification: Source/law inspection plus supporting 1099-pass suite; nullable Option law limitation recorded; current execution/limitations are in the joined replay receipt.","carriers-collections/clause-matrix.csv"
"15","G15-26","Idiomatic C# call-site comparisons","PASS","carriers-collections/clause-matrix.csv; docs/next-stage/call-sites-goal-15.md:1-280; Goal15Workflows.cs:9-82; carriers-collections/main-session-replay.md","Original lane qualification: W3/W4 comparison present and candid; historical absolute-path compile not independently replayed; current execution/limitations are in the joined replay receipt.","carriers-collections/clause-matrix.csv"
"15","G15-27","No general union or competitor compatibility APIs","PASS","carriers-collections/clause-matrix.csv; package-inventory.fsx; actual core nuspec; carriers-collections/main-session-replay.md","Original lane qualification: No forbidden exported carrier or non-BCL runtime reference; current execution/limitations are in the joined replay receipt.","carriers-collections/clause-matrix.csv"
"17","G17-01","Standard .NET collections remain ecosystem","PASS","carriers-collections/clause-matrix.csv; Actual package inventory; src/FunnySharp/SequenceExtensions.cs:19-625; carriers-collections/main-session-replay.md","Original lane qualification: Guarantee and partition types do not create general collection hierarchy; current execution/limitations are in the joined replay receipt.","carriers-collections/clause-matrix.csv"
"17","G17-02","Total cardinality-sensitive operations distinguish meanings","PASS","carriers-collections/clause-matrix.csv; CardinalityExtensions.cs:31-465; CardinalityOrNoneTests.cs:44-124; carriers-collections/main-session-replay.md","Original lane qualification: SingleOrNone collapse is complemented by filtered ToNonEmptyOrNone; current execution/limitations are in the joined replay receipt.","carriers-collections/clause-matrix.csv"
"17","G17-03","Non-empty guarantee creates real safety","PASS","carriers-collections/clause-matrix.csv; NonEmpty.cs:19-148; CardinalityExtensions.cs:448-466; carriers-collections/main-session-replay.md","Original lane qualification: Seedless Aggregate cannot encounter empty; default access guarded; current execution/limitations are in the joined replay receipt.","carriers-collections/clause-matrix.csv"
"17","G17-04","Selection and partitioning","PASS","carriers-collections/clause-matrix.csv; PartitionExtensions.cs:79-365; EnumerablePipelineExtensions.cs:19-160; carriers-collections/main-session-replay.md","Original lane qualification: Ordered single-pass partitions and deferred selection; current execution/limitations are in the joined replay receipt.","carriers-collections/clause-matrix.csv"
"17","G17-05","Fold and scan","PASS","carriers-collections/clause-matrix.csv; NonEmpty.cs:94-112; EnumerablePipelineExtensions.cs:42-52,116-128; ScanTests.cs:18-124; carriers-collections/main-session-replay.md","Original lane qualification: BCL seeded fold retained; Scan excludes seed and resets per enumeration; current execution/limitations are in the joined replay receipt.","carriers-collections/clause-matrix.csv"
"17","G17-06","Exact versus truncating combination","PASS","carriers-collections/clause-matrix.csv; ExactZipExtensions.cs:30-143; ZipExactTests.cs:24-229; carriers-collections/main-session-replay.md","Original lane qualification: Exact counts distinguish longer side; BCL Zip remains truncating; current execution/limitations are in the joined replay receipt.","carriers-collections/clause-matrix.csv"
"17","G17-07","Option traversal","PASS","carriers-collections/clause-matrix.csv; SequenceExtensions.cs:19-57; AsyncSequenceExtensions.cs:867-886; CollectionTraversalTests.cs:74-106; carriers-collections/main-session-replay.md","Original lane qualification: Fail-fast absent item; ordered materialized success; current execution/limitations are in the joined replay receipt.","carriers-collections/clause-matrix.csv"
"17","G17-08","Result traversal","PASS","carriers-collections/clause-matrix.csv; SequenceExtensions.cs:69-108; AsyncSequenceExtensions.cs:888-912; CollectionTraversalTests.cs:74-106; carriers-collections/main-session-replay.md","Original lane qualification: First typed failure; source/selector exceptions not domain errors; current execution/limitations are in the joined replay receipt.","carriers-collections/clause-matrix.csv"
"17","G17-09","UnitResult traversal","PASS","carriers-collections/clause-matrix.csv; SequenceExtensions.cs:118-151; AsyncSequenceExtensions.cs:914-933; UnitResultTraversalTests.cs:10-377; carriers-collections/main-session-replay.md","Original lane qualification: No success buffer; fail-fast command outcome; current execution/limitations are in the joined replay receipt.","carriers-collections/clause-matrix.csv"
"17","G17-10","Validation traversal","PASS","carriers-collections/clause-matrix.csv; SequenceExtensions.cs:166-223; AsyncSequenceExtensions.cs:935-974; ValidationTests.cs:173-325; carriers-collections/main-session-replay.md","Original lane qualification: Full accumulation in source/per-validation order; current execution/limitations are in the joined replay receipt.","carriers-collections/clause-matrix.csv"
"17","G17-11","Traversal does not lose keyed collection shape","FAIL","carriers-collections/clause-matrix.csv; CC-01; keyed-probe.fsx; SequenceExtensions.cs:448,499,597; carriers-collections/main-session-replay.md","Original lane qualification: Default-comparer reconstruction can reject valid source entries; current execution/limitations are in the joined replay receipt.","carriers-collections/clause-matrix.csv"
"17","G17-12","Empty and singleton distinguishable","PASS","carriers-collections/clause-matrix.csv; CardinalityOrNoneTests.cs:44-101; CollectionTraversalTests.cs:29-56; carriers-collections/main-session-replay.md","Original lane qualification: Empty traversal succeeds; non-empty wrapper separates empty/singleton/multiple; current execution/limitations are in the joined replay receipt.","carriers-collections/clause-matrix.csv"
"17","G17-13","Duplicate and multiple-match behavior distinguishable","PASS","carriers-collections/clause-matrix.csv; CardinalityOrNoneTests.cs:85-124; docs/collections.md:125-127; carriers-collections/main-session-replay.md","Original lane qualification: BCL Where plus NonEmpty and GroupBy/ToLookup retained; no duplicate dictionary builder promised; current execution/limitations are in the joined replay receipt.","carriers-collections/clause-matrix.csv"
"17","G17-14","Unequal lengths distinguishable","PASS","carriers-collections/clause-matrix.csv; ExactZipExtensions.cs:85-143; ZipExactTests.cs:69-96; carriers-collections/main-session-replay.md","Original lane qualification: Both full counts supplied to explicit typed error; current execution/limitations are in the joined replay receipt.","carriers-collections/clause-matrix.csv"
"17","G17-15","Large inputs iterative","PASS","carriers-collections/clause-matrix.csv; SequenceExtensions.cs:46-223,254-404; ZipExactExtensions.cs:108-141; TraversalContextTests.cs:209-220,426-437; carriers-collections/main-session-replay.md","Original lane qualification: 100000 sync and 10000 async suite cases inspected; not proof beyond int-sized indexes; current execution/limitations are in the joined replay receipt.","carriers-collections/clause-matrix.csv"
"17","G17-16","Deferred execution explicit","PASS","carriers-collections/clause-matrix.csv; EnumerablePipelineExtensions.cs:19-160; AsyncEnumerablePipelineExtensions.cs:22-274; carriers-collections/main-session-replay.md","Original lane qualification: Validation eager; Choose/Scan/WhereNotNull deferred; current execution/limitations are in the joined replay receipt.","carriers-collections/clause-matrix.csv"
"17","G17-17","Repeated enumeration explicit","PASS","carriers-collections/clause-matrix.csv; ScanTests.cs:84-101; WhereNotNullTests.cs:42-91; EnumerablePipelineExtensions.cs:101-160; carriers-collections/main-session-replay.md","Original lane qualification: One source pass per consumer enumeration; no caching; current execution/limitations are in the joined replay receipt.","carriers-collections/clause-matrix.csv"
"17","G17-18","Index context retained","PASS","carriers-collections/clause-matrix.csv; SequenceExtensions.cs:244-404; TraversalContextTests.cs:105-198; carriers-collections/main-session-replay.md","Original lane qualification: Reached-item zero-based index; short circuit stops reaching items; current execution/limitations are in the joined replay receipt.","carriers-collections/clause-matrix.csv"
"17","G17-19","Key context retained on valid BCL keys","FAIL","carriers-collections/clause-matrix.csv; CC-02; keyed-probe.fsx; SequenceExtensions.cs:967-971; Location.cs:46-59; carriers-collections/main-session-replay.md","Original lane qualification: All four located dictionary shapes reject a valid empty-string key; current execution/limitations are in the joined replay receipt.","carriers-collections/clause-matrix.csv"
"17","G17-20","Item name and property path retained","PASS","carriers-collections/clause-matrix.csv; Location.cs:83-99; docs/collections.md:198-260; carriers-collections/main-session-replay.md","Original lane qualification: Property segments supply names; rendered delimiter ambiguity recorded; current execution/limitations are in the joined replay receipt.","carriers-collections/clause-matrix.csv"
"17","G17-21","Nested context composed without assembling full path","PASS","carriers-collections/clause-matrix.csv; SequenceExtensions.cs:657-768; TraversalContextTests.cs:439-486; LocationTests.cs:32-59; carriers-collections/main-session-replay.md","Original lane qualification: Canonical customers[17].addresses[2].postalCode composition inspected; current execution/limitations are in the joined replay receipt.","carriers-collections/clause-matrix.csv"
"17","G17-22","Ordering explicit for every supported carrier","PASS","carriers-collections/clause-matrix.csv; SequenceExtensions.cs:38-625; AsyncSequenceExtensions.cs:867-974; docs/collections.md:262-276; carriers-collections/main-session-replay.md","Original lane qualification: List order and dictionary enumeration order; BCL insertion order not promised; current execution/limitations are in the joined replay receipt.","carriers-collections/clause-matrix.csv"
"17","G17-23","Short-circuit versus accumulation explicit","PASS","carriers-collections/clause-matrix.csv; CollectionTraversalTests.cs:74-106; UnitResultTraversalTests.cs:22-57; AsyncCollectionTraversalTests.cs:70-105; carriers-collections/main-session-replay.md","Original lane qualification: Four carrier distinctions inspected; package keyed cases independently discriminated; current execution/limitations are in the joined replay receipt.","carriers-collections/clause-matrix.csv"
"17","G17-24","Allocation and buffering explicit","PASS","carriers-collections/clause-matrix.csv; SequenceExtensions.cs:46-223; PartitionExtensions.cs:86-365; ExactZipExtensions.cs:97-143; docs/collections.md:262-276; carriers-collections/main-session-replay.md","Original lane qualification: Mismatch zip buffers common prefix; success-focused guide table is not a zero-allocation mismatch promise; current execution/limitations are in the joined replay receipt.","carriers-collections/clause-matrix.csv"
"17","G17-25","Disposal explicit","PASS","carriers-collections/clause-matrix.csv; ExactZipExtensions.cs:104-141; AsyncSequenceExtensions.cs:867-974; CollectionTraversalTests.cs:227-287; AsyncCollectionTraversalTests.cs:225-422; carriers-collections/main-session-replay.md","Original lane qualification: Ordinary C# disposal; disposal fault can supersede prior fault; current execution/limitations are in the joined replay receipt.","carriers-collections/clause-matrix.csv"
"17","G17-26","Cancellation explicit","PASS","carriers-collections/clause-matrix.csv; AsyncSequenceExtensions.cs:867-974; AsyncCollectionTraversalTests.cs:145-223; UnitResultTraversalTests.cs:217-342; carriers-collections/main-session-replay.md","Original lane qualification: Token forwarded unchanged; no additional eager-cancellation rule; current execution/limitations are in the joined replay receipt.","carriers-collections/clause-matrix.csv"
"17","G17-27","Span and Memory lifetime/mutation honest","PASS","carriers-collections/clause-matrix.csv; SpanPipelineExtensions.cs:20-405; SpanPipelineTests.cs:18-259; carriers-collections/main-session-replay.md","Original lane qualification: Immediate destination-backed views; scoped source; caller non-overlap precondition; current execution/limitations are in the joined replay receipt.","carriers-collections/clause-matrix.csv"
"17","G17-28","No false unification with async streams","PASS","carriers-collections/clause-matrix.csv; Actual package inventory; SpanPipelineExtensions.cs:20-405; docs/collections.md:16-19; carriers-collections/main-session-replay.md","Original lane qualification: No async Span/Memory traversal or escaping source view; current execution/limitations are in the joined replay receipt.","carriers-collections/clause-matrix.csv"
"17","G17-29","Edge law enumeration tests","PASS","carriers-collections/clause-matrix.csv; CollectionTraversalTests.cs:8-342; AsyncCollectionTraversalTests.cs:10-422; TraversalContextTests.cs:9-486; ../baseline/report.md; carriers-collections/main-session-replay.md","Original lane qualification: Supporting full suite passed; missing comparer/empty-key edges externally reproduced; current execution/limitations are in the joined replay receipt.","carriers-collections/clause-matrix.csv"
"17","G17-30","Realistic cleaning and batch-validation examples","PASS","carriers-collections/clause-matrix.csv; examples/FunnySharp.DocumentationSamples/CollectionsSamples.cs:9-101; ../baseline/main-session-checks.md; carriers-collections/main-session-replay.md","Original lane qualification: Current candidate snippet and example gates passed; current execution/limitations are in the joined replay receipt.","carriers-collections/clause-matrix.csv"
"17","G17-31","Public shape and naming documentation","PASS","carriers-collections/clause-matrix.csv; docs/collections.md:1-298; package-inventory.fsx; carriers-collections/main-session-replay.md","Original lane qualification: Documented capability subset; async indexed/keyed/exact mirrors explicitly excluded; current execution/limitations are in the joined replay receipt.","carriers-collections/clause-matrix.csv"
"17","G17-32","Equivalent performance/allocation comparisons","UNVERIFIED","carriers-collections/clause-matrix.csv; benchmarks/FunnySharp.Benchmarks/CollectionBenchmarks.cs:54-242; docs/collections.md:300-352; carriers-collections/main-session-replay.md","Original lane qualification: Source comparisons inspected; candidate-bound quantitative replay/equivalence receipt must be joined from performance lane; current execution/limitations are in the joined replay receipt.","carriers-collections/clause-matrix.csv"
"17","G17-33","No custom general collection hierarchy","PASS","carriers-collections/clause-matrix.csv; Actual package inventory; NonEmpty.cs:7-17; docs/collections.md:280-295; carriers-collections/main-session-replay.md","Original lane qualification: NonEmpty implements no IEnumerable or indexer; operations remain on BCL carriers; current execution/limitations are in the joined replay receipt.","carriers-collections/clause-matrix.csv"
"18","G18-01","Async first class without another runtime","PASS","async-advanced/matrix.csv; Effect.cs; FunctionExtensions.cs; async pipeline implementations; baseline/report.md; async-advanced/main-session-replay.md","Original lane qualification: P16 package inventory pending; current execution/limitations are in the joined replay receipt.","async-advanced/matrix.csv"
"18","G18-02","Sync Task ValueTask async streams token and TimeProvider share predictable grammar","PASS","async-advanced/matrix.csv; FunctionExtensions.cs; AsyncSequenceExtensions.cs; AsyncEnumerablePipelineExtensions.cs; ConcurrentEffectExtensions.cs; api-decisions AD-6; async-advanced/main-session-replay.md","Original lane qualification: AsyncFunctionCompositionTests and P13/P14; current execution/limitations are in the joined replay receipt.","async-advanced/matrix.csv"
"18","G18-03","Signatures reveal asynchronous work","PASS","async-advanced/matrix.csv; Named Async/ValueAsync methods and IAsyncEnumerable/Task/ValueTask signatures; async-advanced/main-session-replay.md","Original lane qualification: Boolean policy routing helper is test-only; current execution/limitations are in the joined replay receipt.","async-advanced/matrix.csv"
"18","G18-04","Stream rather than materialize","PASS","async-advanced/matrix.csv; Deferred Choose/Scan and parallel map enumerators; eager Traverse explicitly named/documented; async-advanced/main-session-replay.md","Original lane qualification: P03/P04 pending external execution; current execution/limitations are in the joined replay receipt.","async-advanced/matrix.csv"
"18","G18-05","Propagate consumer backpressure","PASS","async-advanced/matrix.csv; ParallelAsyncEnumerableExtensions window released in IValueTaskSource GetResult; channel/window capacities match; async-advanced/main-session-replay.md","Original lane qualification: P03/P04 pending external execution; current execution/limitations are in the joined replay receipt.","async-advanced/matrix.csv"
"18","G18-06","Bounded concurrency without unbounded fan-out","FAIL","async-advanced/matrix.csv; ConcurrentEffectExtensions Snapshot and start-all loop at151; Goal18 AD-6 E95; async-advanced/main-session-replay.md","Original lane qualification: AA-02 P12 starts1024 pending cold effects before any completion; current execution/limitations are in the joined replay receipt.","async-advanced/matrix.csv"
"18","G18-07","Ordered and completion-order delivery","PASS","async-advanced/matrix.csv; DeliveryOrder.Source/Completion; observer writes; public names distinct; async-advanced/main-session-replay.md","Original lane qualification: P03/P04 pending external execution; current execution/limitations are in the joined replay receipt.","async-advanced/matrix.csv"
"18","G18-08","Race or first-success safely","FAIL","async-advanced/matrix.csv; FirstSuccessAsync no cap and suppresses loser Task.WhenAll faults; async-advanced/main-session-replay.md","Original lane qualification: AA-02 AA-03 P11/P12; current execution/limitations are in the joined replay receipt.","async-advanced/matrix.csv"
"18","G18-09","Fail-fast versus accumulation without boolean ambiguity","PASS","async-advanced/matrix.csv; ParallelAsyncSequence carrier-specific isTerminal policy; no public boolean-policy API; async-advanced/main-session-replay.md","Original lane qualification: P07/P08 pending external execution; current execution/limitations are in the joined replay receipt.","async-advanced/matrix.csv"
"18","G18-10","No sync-over-async or implicit Task.Run","PASS","async-advanced/matrix.csv; Inspected shipping async/effect source uses await; guarded completed ValueTask Result access; async-advanced/main-session-replay.md","Original lane qualification: No scheduler/runtime in public families or baseline dependencies; current execution/limitations are in the joined replay receipt.","async-advanced/matrix.csv"
"18","G18-11","Single ValueTask consumption","PASS","async-advanced/matrix.csv; One AsTask adaptation per selector; single source await; completed fast paths read once; async-advanced/main-session-replay.md","Original lane qualification: P03/P04/P07/P09/P14 and recorded ValueTaskConsumptionTests; current execution/limitations are in the joined replay receipt.","async-advanced/matrix.csv"
"18","G18-12","No orphaned work","PASS","async-advanced/matrix.csv; Producer/selectors/observers awaited; traversal drain; race CancelAndDrain awaits WhenAll; async-advanced/main-session-replay.md","Original lane qualification: P05/P06/P10/P13 pending external execution; current execution/limitations are in the joined replay receipt.","async-advanced/matrix.csv"
"18","G18-13","No swallowed exceptions","FAIL","async-advanced/matrix.csv; ConcurrentEffectExtensions CancelAndDrain catch(Exception) at318 discards losing async disposal fault; async-advanced/main-session-replay.md","Original lane qualification: AA-03 P11; current execution/limitations are in the joined replay receipt.","async-advanced/matrix.csv"
"18","G18-14","No cancellation converted to domain failure","UNVERIFIED","async-advanced/matrix.csv; Channels distinct in traversal/effects/race; ordered map can publish value after cancellation; async-advanced/main-session-replay.md","Original lane qualification: AA-01 P01/P02 pending package reproduction; current execution/limitations are in the joined replay receipt.","async-advanced/matrix.csv"
"18","G18-15","Losing race work cleanup deliberate and tested","PASS","async-advanced/matrix.csv; FirstSuccessTests cold gates/cancel-drain contracts; winner caller cancellation publication; async-advanced/main-session-replay.md","Original lane qualification: P10/P11; AA-03 distinguishes drain from fault visibility; current execution/limitations are in the joined replay receipt.","async-advanced/matrix.csv"
"18","G18-16","Stop after failure and drain started work","PASS","async-advanced/matrix.csv; Parallel traversal active list stopAdmission and pending MoveNext drain; async-advanced/main-session-replay.md","Original lane qualification: P05/P06/P07 pending external execution; current execution/limitations are in the joined replay receipt.","async-advanced/matrix.csv"
"18","G18-17","Dispose resources across termination","PASS","async-advanced/matrix.csv; Map source DisposeAsync after drain; UsingAsync finally awaited; traversal finally; async-advanced/main-session-replay.md","Original lane qualification: P05/P06/P10/P14 pending external execution; current execution/limitations are in the joined replay receipt.","async-advanced/matrix.csv"
"18","G18-18","Combine simultaneous failures deliberately","PASS","async-advanced/matrix.csv; Map primary-plus-cleanup aggregation; traversal fault list; FirstSuccess input-order fault array; async-advanced/main-session-replay.md","Original lane qualification: P05/P06/P09 pending external execution; current execution/limitations are in the joined replay receipt.","async-advanced/matrix.csv"
"18","G18-19","Measurable IO workflow value","UNVERIFIED","async-advanced/matrix.csv; Streaming backpressure provides workflow mechanism; no intrinsic-system-call speed claim; async-advanced/main-session-replay.md","Original lane qualification: Independent performance-ai receipts required for equivalent latency throughput allocation and concurrency scenarios listed in report; current execution/limitations are in the joined replay receipt.","async-advanced/matrix.csv"
"18","G18-20","Leave optimal clear BCL operations unwrapped","PASS","async-advanced/matrix.csv; AD-6 E94 excludes raw Task.WhenEach/Parallel.ForEach wrappers; effects adoption guidance; code inventory; async-advanced/main-session-replay.md","Original lane qualification: P16 pending package reflection; current execution/limitations are in the joined replay receipt.","async-advanced/matrix.csv"
"18","G18-21","Deterministic xUnit scheduling-independent semantics","UNVERIFIED","async-advanced/matrix.csv; Manual gates/time provider used widely; source-order route test relies on one-second grace; async-advanced/main-session-replay.md","Original lane qualification: AA-04 precise missing causally gated routing witness; P03/P04 independent package witnesses; current execution/limitations are in the joined replay receipt.","async-advanced/matrix.csv"
"18","G18-22","Streaming and backpressure tests","PASS","async-advanced/matrix.csv; AsyncEnumerablePipelineTests Scan tests map bound-undelivered tests; async-advanced/main-session-replay.md","Original lane qualification: P03/P04 pending package execution; current execution/limitations are in the joined replay receipt.","async-advanced/matrix.csv"
"18","G18-23","Reproducible latency throughput allocation concurrency BCL comparisons","UNVERIFIED","async-advanced/matrix.csv; Concurrency guide names scenarios and exclusions but prose not independently measured proof; async-advanced/main-session-replay.md","Original lane qualification: performance-ai ConcurrencyBenchmarks Count16/1024 CandidateCount4/16 receipts and environment/equivalence required; current execution/limitations are in the joined replay receipt.","async-advanced/matrix.csv"
"18","G18-24","Exclude custom scheduler fibers large IO monad","PASS","async-advanced/matrix.csv; Public advanced surface and baseline empty runtime dependency group; async-advanced/main-session-replay.md","Original lane qualification: P16 package inventory pending; current execution/limitations are in the joined replay receipt.","async-advanced/matrix.csv"
"19","G19-01","Align all advanced families with accepted Goal14 decisions","FAIL","async-advanced/matrix.csv; AD-6..AD-9 and F6..F9 complete alignment reviewed; first-success conflicts remain; async-advanced/main-session-replay.md","Original lane qualification: AA-02 AA-03; accepted A-2=B return carrier is retained not reopened; current execution/limitations are in the joined replay receipt.","async-advanced/matrix.csv"
"19","G19-02","Keep adopt adapt small stable BCL-native abstractions","PASS","async-advanced/matrix.csv; Effect resources state optics and concurrency type inventory; baseline actual runtime dependency boundary; async-advanced/main-session-replay.md","Original lane qualification: P16 pending package inventory; current execution/limitations are in the joined replay receipt.","async-advanced/matrix.csv"
"19","G19-03","Compelling ordinary-application use cases","PASS","async-advanced/matrix.csv; WF-19A commands/replay protocol; WF-19B shared paths; W7/W8/W9 scoped adoption guidance; async-advanced/main-session-replay.md","Original lane qualification: No blanket LOC win asserted for optics/effect first use; current execution/limitations are in the joined replay receipt.","async-advanced/matrix.csv"
"19","G19-04","Experimental decisions unmistakably experimental","PASS","async-advanced/matrix.csv; FS0017 Experimental on Location and sixteen located overloads; stability inventory and curation tests; async-advanced/main-session-replay.md","Original lane qualification: P16 checks exactly17 markers pending package execution; current execution/limitations are in the joined replay receipt.","async-advanced/matrix.csv"
"19","G19-05","Deferred capabilities absent stable","PASS","async-advanced/matrix.csv; E102 E105 E113 and AD-6 Memoize/buffer/merge absent; remaining rejected F6..F9 rows inspected; async-advanced/main-session-replay.md","Original lane qualification: P16 negative package inventory pending; current execution/limitations are in the joined replay receipt.","async-advanced/matrix.csv"
"19","G19-06","Remove decisions removed","PASS","async-advanced/matrix.csv; No applicable remove decision in accepted AD-6..AD-9 record; async-advanced/main-session-replay.md","Original lane qualification: Not a demand to invent removals; current execution/limitations are in the joined replay receipt.","async-advanced/matrix.csv"
"19","G19-07","Retained abstraction reduces ceremony or prevents meaningful bug","PASS","async-advanced/matrix.csv; WF-19A protocol reduction; lifetime scopes prevent lost-dispose paths; optional absence skips setter; async-advanced/main-session-replay.md","Original lane qualification: WF-19B two-site total LOC remains worse as disclosed; current execution/limitations are in the joined replay receipt.","async-advanced/matrix.csv"
"19","G19-08","Compose with semantic core and async model","PASS","async-advanced/matrix.csv; Result explicit inside Effect; ValueTask RunAsync; caller async command execution boundary; async-advanced/main-session-replay.md","Original lane qualification: P09/P14/P15 pending package execution; current execution/limitations are in the joined replay receipt.","async-advanced/matrix.csv"
"19","G19-09","Clear evaluation semantics","PASS","async-advanced/matrix.csv; Cold effects; deferred streams; synchronous delegate optics; pure-state outputs data only; async-advanced/main-session-replay.md","Original lane qualification: P03/P04/P14/P15 pending package execution; current execution/limitations are in the joined replay receipt.","async-advanced/matrix.csv"
"19","G19-10","Clear resource lifetime semantics","PASS","async-advanced/matrix.csv; Using/UsingAsync ownership per run; acquisition/use/disposal paths; native finally precedence; async-advanced/main-session-replay.md","Original lane qualification: P14 pending package execution; current execution/limitations are in the joined replay receipt.","async-advanced/matrix.csv"
"19","G19-11","Acceptable measured cost","UNVERIFIED","async-advanced/matrix.csv; Current Then redesign present; effects/optics/concurrency costs disclosed but not inferred from prose; async-advanced/main-session-replay.md","Original lane qualification: performance-ai EffectBenchmarks StateMachineBenchmarks ImmutableUpdateBenchmarks ConcurrencyBenchmarks candidate-bound receipts required; current execution/limitations are in the joined replay receipt.","async-advanced/matrix.csv"
"19","G19-12","State deterministic and separable from command execution","PASS","async-advanced/matrix.csv; StateMachine Replay Then operate on state/output data; purity caller obligation; guide explicitly qualifies; async-advanced/main-session-replay.md","Original lane qualification: P15 pending package execution; WF-19A structural-purity wording overstated; current execution/limitations are in the joined replay receipt.","async-advanced/matrix.csv"
"19","G19-13","Resource safety success domain failure exception cancellation","PASS","async-advanced/matrix.csv; EffectResourceTests14 outcomes plus explicit precedence tests; UsingAsync finally awaits disposal; async-advanced/main-session-replay.md","Original lane qualification: P14 environment/non-environment matrix pending package execution; AA-03 separate coordinator fault-loss conflict; current execution/limitations are in the joined replay receipt.","async-advanced/matrix.csv"
"19","G19-14","Immutable programming opt-in","PASS","async-advanced/matrix.csv; Delegate optics no clone/freeze; mutable-leaf aliasing retained; BCL immutable/frozen caller selected; async-advanced/main-session-replay.md","Original lane qualification: P15 pending package execution; current execution/limitations are in the joined replay receipt.","async-advanced/matrix.csv"
"19","G19-15","Environment effects not DI or execution universe","PASS","async-advanced/matrix.csv; Effect<TEnvironment T> ordinary explicit value and token; no container services or scheduler; async-advanced/main-session-replay.md","Original lane qualification: P14/P16 pending package execution; current execution/limitations are in the joined replay receipt.","async-advanced/matrix.csv"
"19","G19-16","Rejected deferred capabilities not smuggled via aliases","PASS","async-advanced/matrix.csv; All advanced public implementations inspected; AdvancedPatternCurationTests scans exact/fragment vocabulary; async-advanced/main-session-replay.md","Original lane qualification: P16 negative package inventory pending; current execution/limitations are in the joined replay receipt.","async-advanced/matrix.csv"
"19","G19-17","Accepted decision references evidence","PASS","async-advanced/matrix.csv; api-decisions AD6..AD9; decision-record F6..F9; maintainer A2 A4 A5 A7; stability inventory; async-advanced/main-session-replay.md","Original lane qualification: Accepted return-shape and retry deferral respected; current execution/limitations are in the joined replay receipt.","async-advanced/matrix.csv"
"19","G19-18","Stable versus experimental API inventory","PASS","async-advanced/matrix.csv; stability-inventory two-tier registry; frozen advanced families and exact marker tests; async-advanced/main-session-replay.md","Original lane qualification: P16 package inventory pending; current execution/limitations are in the joined replay receipt.","async-advanced/matrix.csv"
"19","G19-19","Realistic comparative examples","PASS","async-advanced/matrix.csv; WF19A and WF19B comparative source/provenance; W7 W8 W9 adopted workflow references; async-advanced/main-session-replay.md","Original lane qualification: Historical compile receipts are supporting evidence not a new package compile run; current execution/limitations are in the joined replay receipt.","async-advanced/matrix.csv"
"19","G19-20","xUnit semantic evidence","PASS","async-advanced/matrix.csv; Read Effect Resource State Optics Curation tests; baseline independent1099 passed0 failed0 skipped; async-advanced/main-session-replay.md","Original lane qualification: External probes pending parent execution; current execution/limitations are in the joined replay receipt.","async-advanced/matrix.csv"
"19","G19-21","Relevant allocation and throughput results","UNVERIFIED","async-advanced/matrix.csv; Independent performance lane owns numerical acceptance; historical curation cost not current proof; async-advanced/main-session-replay.md","Original lane qualification: Precise current benchmark scenario receipts listed in report; current execution/limitations are in the joined replay receipt.","async-advanced/matrix.csv"
"19","G19-22","Do not reproduce competitor hierarchy or feature count","PASS","async-advanced/matrix.csv; Small BCL-native stable families; no Eff Aff IO Reader StateT optics hierarchy runtime dependencies; async-advanced/main-session-replay.md","Original lane qualification: P16 pending package inventory; current execution/limitations are in the joined replay receipt.","async-advanced/matrix.csv"
"20","G20-01","Normal stable APIs impose no undisclosed performance burden","FAIL","performance-ai/matrix.csv; report.md P01 P04; performance-ai/main-session-replay.md","Original lane qualification: Incorrect characteristics and quadratic FirstSuccess coordination; current execution/limitations are in the joined replay receipt.","performance-ai/matrix.csv"
"20","G20-02","Every performance-relevant stable operation has documented algorithmic complexity","FAIL","performance-ai/matrix.csv; report.md P01 P04; performance-ai/main-session-replay.md","Original lane qualification: ExactZip and parallel traversal and FirstSuccess contradict stated complexities; current execution/limitations are in the joined replay receipt.","performance-ai/matrix.csv"
"20","G20-03","Enumeration characteristics are documented correctly","FAIL","performance-ai/matrix.csv; ExactZipExtensions.cs ZipExactCore;report.md P01; performance-ai/main-session-replay.md","Original lane qualification: Both unequal sources are drained rather than a bounded count check; current execution/limitations are in the joined replay receipt.","performance-ai/matrix.csv"
"20","G20-04","Allocation characteristics are documented correctly","FAIL","performance-ai/matrix.csv; Validation.cs Invalid MapErrors;Effect.cs factories;report.md P01; performance-ai/main-session-replay.md","Original lane qualification: Library-owned arrays wrappers and closures contradict zero/caller-only statements; current execution/limitations are in the joined replay receipt.","performance-ai/matrix.csv"
"20","G20-05","Boxing characteristics and stable-operation coverage are complete","UNVERIFIED","performance-ai/matrix.csv; docs/performance.md;benchmark suites; performance-ai/main-session-replay.md","Original lane qualification: Missing complete member-to-characteristics and benchmark/exclusion crosswalk; current execution/limitations are in the joined replay receipt.","performance-ai/matrix.csv"
"20","G20-06","Materialization characteristics are documented correctly","FAIL","performance-ai/matrix.csv; ExactZipExtensions.cs;report.md P01; performance-ai/main-session-replay.md","Original lane qualification: Pair list and read-only wrapper contradict no-materialization claim; current execution/limitations are in the joined replay receipt.","performance-ai/matrix.csv"
"20","G20-07","Buffering characteristics are documented correctly","FAIL","performance-ai/matrix.csv; ParallelAsyncSequenceExtensions.cs;report.md P01; performance-ai/main-session-replay.md","Original lane qualification: Growing indexed-outcome list and sort rather than source-sized result array; current execution/limitations are in the joined replay receipt.","performance-ai/matrix.csv"
"20","G20-08","Async scheduling characteristics are documented","PASS","performance-ai/matrix.csv; docs/performance.md;Effect.cs;parallel streaming sources; performance-ai/main-session-replay.md","Original lane qualification: Sequential awaits and bounded channels are visible;not a controlled-throughput proof; current execution/limitations are in the joined replay receipt.","performance-ai/matrix.csv"
"20","G20-09","Semantically equivalent raw BCL comparisons","FAIL","performance-ai/matrix.csv; ConcurrencyBenchmarks.cs;report.md P03; performance-ai/main-session-replay.md","Original lane qualification: Completion-order baseline assigns slots before selector completion; current execution/limitations are in the joined replay receipt.","performance-ai/matrix.csv"
"20","G20-10","Appropriate idiomatic high-level BCL or LINQ comparisons","UNVERIFIED","performance-ai/matrix.csv; CollectionBenchmarks.cs;DataPipelineBenchmarks.cs; performance-ai/main-session-replay.md","Original lane qualification: Comparisons exist but complete stable-operation baseline coverage and independent equivalence evidence are absent; current execution/limitations are in the joined replay receipt.","performance-ai/matrix.csv"
"20","G20-11","FSharp.Core comparisons where representation and semantics are comparable","PASS","performance-ai/matrix.csv; OptionCarrierBenchmarks.cs;ResultCarrierBenchmarks.cs; performance-ai/main-session-replay.md","Original lane qualification: Source comparisons disclose representations and cached adapters;execution request in reproduction.md; current execution/limitations are in the joined replay receipt.","performance-ai/matrix.csv"
"20","G20-12","Relevant pinned Funcky CSharpFunctionalExtensions and language-ext comparisons","PASS","performance-ai/matrix.csv; FunnySharp.CompetitorBenchmarks.csproj;competitor classes; performance-ai/main-session-replay.md","Original lane qualification: Four pinned packages are confined to a non-packable evidence project; current execution/limitations are in the joined replay receipt.","performance-ai/matrix.csv"
"20","G20-13","No known stable algorithmic cliff","FAIL","performance-ai/matrix.csv; ConcurrentEffectExtensions.cs FirstSuccessAsyncCore;report.md P04; performance-ai/main-session-replay.md","Original lane qualification: N synchronous failures cause N(N-1)/2 list-compaction reference moves; current execution/limitations are in the joined replay receipt.","performance-ai/matrix.csv"
"20","G20-14","No undisclosed unbounded resource behavior","UNVERIFIED","performance-ai/matrix.csv; parallel streaming and cold-effect coordination sources; performance-ai/main-session-replay.md","Original lane qualification: No complete stable-member resource crosswalk or independent long-input resource receipts; current execution/limitations are in the joined replay receipt.","performance-ai/matrix.csv"
"20","G20-15","No hidden repeated work","FAIL","performance-ai/matrix.csv; ConcurrentEffectExtensions.cs;report.md P04; performance-ai/main-session-replay.md","Original lane qualification: Repeated List.Remove compaction in completed-task scan; current execution/limitations are in the joined replay receipt.","performance-ai/matrix.csv"
"20","G20-16","Material regressions removed or justified by visible semantics","UNVERIFIED","performance-ai/matrix.csv; docs/state-machines.md;observations;report.md P05; performance-ai/main-session-replay.md","Original lane qualification: State snapshots are justified but historical raw comparison receipts are unavailable; current execution/limitations are in the joined replay receipt.","performance-ai/matrix.csv"
"20","G20-17","Existing long StateTransition composition issue resolved or excluded","PASS","performance-ai/matrix.csv; StateTransition.cs;StateTransitionTests.cs;baseline/report.md; performance-ai/main-session-replay.md","Original lane qualification: Iterative tree evaluation and passing 10000-step existing test;100000-step new probe pending; current execution/limitations are in the joined replay receipt.","performance-ai/matrix.csv"
"20","G20-18","Faster alternatives statistically tie or beat closest high-level baseline on controlled host","PASS","performance-ai/matrix.csv; docs/performance.md regression policy;directional topic guidance; performance-ai/main-session-replay.md","Original lane qualification: Conditional requirement;no verified controlled-throughput or always-faster claim accepted; current execution/limitations are in the joined replay receipt.","performance-ai/matrix.csv"
"20","G20-19","Raw handwritten reference is honest rather than a manufactured win","FAIL","performance-ai/matrix.csv; ConcurrencyBenchmarks.cs;report.md P03; performance-ai/main-session-replay.md","Original lane qualification: Ordering semantics differ before throughput can be compared; current execution/limitations are in the joined replay receipt.","performance-ai/matrix.csv"
"20","G20-20","Throughput blocks only after hardware runtime noise and policy are controlled","PASS","performance-ai/matrix.csv; docs/performance.md;Performance.fs; performance-ai/main-session-replay.md","Original lane qualification: Timing is directional and does not block allocation verifier; current execution/limitations are in the joined replay receipt.","performance-ai/matrix.csv"
"20","G20-21","Allocation and complexity regressions may block independently","PASS","performance-ai/matrix.csv; Performance.fs;PerformanceProtocolTests.fs;docs/performance.md; performance-ai/main-session-replay.md","Original lane qualification: Zero and nonzero budgets enforced;complexity failures reported separately; current execution/limitations are in the joined replay receipt.","performance-ai/matrix.csv"
"20","G20-22","Source-bound benchmark definitions and results","FAIL","performance-ai/matrix.csv; manifest input arrays;ReceiptExporterCore.cs;report.md P02; performance-ai/main-session-replay.md","Original lane qualification: UnitResult.cs is used by included HTTP benchmark but omitted from fingerprint; current execution/limitations are in the joined replay receipt.","performance-ai/matrix.csv"
"20","G20-23","Raw result receipts independently available and verifiable","UNVERIFIED","performance-ai/matrix.csv; manifest receipt declarations;report.md P05; performance-ai/main-session-replay.md","Original lane qualification: Missing 15 declared receipts and their required raw report triplets; current execution/limitations are in the joined replay receipt.","performance-ai/matrix.csv"
"20","G20-24","Environment metadata and fingerprint binding","PASS","performance-ai/matrix.csv; provenance.md; performance-ai/main-session-replay.md","Original lane qualification: All declared eight-field environment keys match;CPU/load/control is not bound; current execution/limitations are in the joined replay receipt.","performance-ai/matrix.csv"
"20","G20-25","Equivalence justifications support all comparison groups","FAIL","performance-ai/matrix.csv; main Program.cs;competitor Program.cs;report.md P03; performance-ai/main-session-replay.md","Original lane qualification: Main preflight checks four pending Result methods and misses invalid completion-order pair; current execution/limitations are in the joined replay receipt.","performance-ai/matrix.csv"
"20","G20-26","Regression policy is documented","PASS","performance-ai/matrix.csv; docs/performance.md; performance-ai/main-session-replay.md","Original lane qualification: Allocation blocking and directional timing and independent complexity rules are explicit; current execution/limitations are in the joined replay receipt.","performance-ai/matrix.csv"
"20","G20-27","Generated public performance guidance is trustworthy","FAIL","performance-ai/matrix.csv; PerformanceDocs.fs;docs/performance.md;report.md P01; performance-ai/main-session-replay.md","Original lane qualification: Fingerprint checks exist but generated numbers cannot repair incorrect surrounding prose; current execution/limitations are in the joined replay receipt.","performance-ai/matrix.csv"
"20","G20-28","No unsupported zero-cost always-faster or faster-IO blanket claims","FAIL","performance-ai/matrix.csv; docs/performance.md carrier foundation and operation rows;report.md P01; performance-ai/main-session-replay.md","Original lane qualification: Zero-allocation/general carrier statements include allocating Validation paths; current execution/limitations are in the joined replay receipt.","performance-ai/matrix.csv"
"21","G21-01","Measurably friendly to agents and humans","UNVERIFIED","performance-ai/matrix.csv; all20 records;all10 reviews;report.md A04 A06; performance-ai/main-session-replay.md","Original lane qualification: Producer independence missing;recorded LOC correction and readability comparisons do not show an overall advantage; current execution/limitations are in the joined replay receipt.","performance-ai/matrix.csv"
"21","G21-02","One canonical workflow discoverable from public signatures and documentation","PASS","performance-ai/matrix.csv; docs/grammar.md;product-contract.md;all20 solution sources; performance-ai/main-session-replay.md","Original lane qualification: Consistent carrier verbs and representative final workflows exist;unassisted experimental provenance is separate; current execution/limitations are in the joined replay receipt.","performance-ai/matrix.csv"
"21","G21-03","Common misuse rejected by types or local diagnostics","FAIL","performance-ai/matrix.csv; analyzers and baseline tests;report.md A03; performance-ai/main-session-replay.md; performance-ai/analyzer-probes.stdout.txt","Actual packaged FS1001 emits no diagnostic for empty initializer; correct-behavior assertion failed.","performance-ai/matrix.csv"
"21","G21-04","Safe fixes where transformation is unambiguous","FAIL","performance-ai/matrix.csv; DiscardedOutcomeCodeFixProvider.cs;report.md A01; performance-ai/main-session-replay.md","Original lane qualification: Generated underscore assignment may bind an existing local and break compilation or behavior; current execution/limitations are in the joined replay receipt.","performance-ai/matrix.csv"
"21","G21-05","Invalid and uninitialized carrier coverage","FAIL","performance-ai/matrix.csv; UninitializedCarrierAnalyzer.cs;tests;report.md A03; performance-ai/main-session-replay.md; performance-ai/analyzer-probes.stdout.txt","Actual packaged FS1001 emits no diagnostic for empty initializer; correct-behavior assertion failed.","performance-ai/matrix.csv"
"21","G21-06","Silently discarded outcome coverage","PASS","performance-ai/matrix.csv; DiscardedOutcomeAnalyzer.cs;DiscardedOutcomeAnalyzerTests.cs; performance-ai/main-session-replay.md","Original lane qualification: All declared outcome families and relevant awaitables addressed;explicit discards documented; current execution/limitations are in the joined replay receipt.","performance-ai/matrix.csv"
"21","G21-07","Deprecated or ambiguous API forms addressed","PASS","performance-ai/matrix.csv; docs/analyzers.md;shipping-source Obsolete search; performance-ai/main-session-replay.md","Original lane qualification: No Obsolete forms found;curated canonical vocabulary and future deprecation policy documented; current execution/limitations are in the joined replay receipt.","performance-ai/matrix.csv"
"21","G21-08","Async hazards diagnosed with acceptably low false-positive risk","FAIL","performance-ai/matrix.csv; BlockedValueTaskAnalyzer.cs;report.md A02; performance-ai/main-session-replay.md","Original lane qualification: Completed single-consumption fast path still receives FS1004; current execution/limitations are in the joined replay receipt.","performance-ai/matrix.csv"
"21","G21-09","Cancellation hazard coverage decisions","PASS","performance-ai/matrix.csv; docs/analyzers.md Evaluated and Rejected; performance-ai/main-session-replay.md","Original lane qualification: Token-flow heuristics deliberately excluded with local-provability rationale; current execution/limitations are in the joined replay receipt.","performance-ai/matrix.csv"
"21","G21-10","Enumeration hazard coverage decisions","PASS","performance-ai/matrix.csv; docs/analyzers.md Evaluated and Rejected; performance-ai/main-session-replay.md","Original lane qualification: Whole-program/effect-analysis limitations explicitly recorded; current execution/limitations are in the joined replay receipt.","performance-ai/matrix.csv"
"21","G21-11","Resource hazard coverage decisions","PASS","performance-ai/matrix.csv; SyncDisposeAnalyzer.cs;SyncDisposeAnalyzerTests.cs;docs/analyzers.md; performance-ai/main-session-replay.md","Original lane qualification: Dual-interface Using diagnosed;escape analysis excluded explicitly; current execution/limitations are in the joined replay receipt.","performance-ai/matrix.csv"
"21","G21-12","Correct ordinary code remains quiet","FAIL","performance-ai/matrix.csv; report.md A02;new package analyzer probe; performance-ai/main-session-replay.md","Original lane qualification: Safe IsCompletedSuccessfully branch is reported despite no blocking or double consumption; current execution/limitations are in the joined replay receipt.","performance-ai/matrix.csv"
"21","G21-13","Suppressions documented and configurable","PASS","performance-ai/matrix.csv; Descriptors.cs;docs/analyzers.md;baseline tests; performance-ai/main-session-replay.md","Original lane qualification: Standard suppression mechanisms documented;no NotConfigurable rules;pragma tested; current execution/limitations are in the joined replay receipt.","performance-ai/matrix.csv"
"21","G21-14","Severity behavior documented and verified","PASS","performance-ai/matrix.csv; Descriptors.cs;AnalyzerPackagingTests.cs;baseline/report.md; performance-ai/main-session-replay.md","Original lane qualification: FS1001 Error and FS1002-FS1005 Warning match passing descriptor tests; current execution/limitations are in the joined replay receipt.","performance-ai/matrix.csv"
"21","G21-15","Compiler tooling adds no runtime dependency","PASS","performance-ai/matrix.csv; canonical package baseline and independently matched hashes; performance-ai/main-session-replay.md","Original lane qualification: Core empty dependency group and analyzer assets confirmed by main archive inspection; current execution/limitations are in the joined replay receipt.","performance-ai/matrix.csv"
"21","G21-16","Analyzer test evidence","PASS","performance-ai/matrix.csv; all analyzer tests and harness sources;baseline/report.md; performance-ai/main-session-replay.md","Original lane qualification: Existing solution analyzer suite passed with zero skipped tests; current execution/limitations are in the joined replay receipt.","performance-ai/matrix.csv"
"21","G21-17","Code-fix test evidence","PASS","performance-ai/matrix.csv; CodeFixTests.cs;baseline/report.md; performance-ai/main-session-replay.md","Original lane qualification: Existing fixes and trivia/await cases pass;A01 is an uncovered safety defect; current execution/limitations are in the joined replay receipt.","performance-ai/matrix.csv"
"21","G21-18","Clean repository example analysis","PASS","performance-ai/matrix.csv; ExampleProjectsAnalyzeCleanTests.cs;baseline/report.md; performance-ai/main-session-replay.md","Original lane qualification: Three existing example-analysis facts execute real analyzer compilations and passed; current execution/limitations are in the joined replay receipt.","performance-ai/matrix.csv"
"21","G21-19","Diagnostic documentation is precise","FAIL","performance-ai/matrix.csv; docs/analyzers.md;Effect.cs;report.md Supported Analyzer Boundaries; performance-ai/main-session-replay.md","Original lane qualification: Completed-path warning and unsafe-discard fix are not accurately bounded; current execution/limitations are in the joined replay receipt.","performance-ai/matrix.csv"
"21","G21-20","Repeatable model-agnostic coding harness","PASS","performance-ai/matrix.csv; Evaluation.fs;EvaluationTests.fs;eng/evaluation/README.md; performance-ai/main-session-replay.md","Original lane qualification: File-consuming build/test harness makes no model calls;new final-solution rerun script supplied; current execution/limitations are in the joined replay receipt.","performance-ai/matrix.csv"
"21","G21-21","Comparison covers business collections streams concurrency and ASP.NET Core","PASS","performance-ai/matrix.csv; all five task kits and all20 records; performance-ai/main-session-replay.md","Original lane qualification: Five neutral seams and two styles with two final folders each inspected; current execution/limitations are in the joined replay receipt.","performance-ai/matrix.csv"
"21","G21-22","Idiomatic C# and FunnySharp styles share fair output contracts","PASS","performance-ai/matrix.csv; all ten templates and five Contract.cs files; performance-ai/main-session-replay.md","Original lane qualification: Same style-neutral data seams and fixed suites;ASP.NET integration hint affects discovery claim separately; current execution/limitations are in the joined replay receipt.","performance-ai/matrix.csv"
"21","G21-23","Compilation recorded and reproducible","PASS","performance-ai/matrix.csv; all20 record.json files;Evaluation.fs; performance-ai/main-session-replay.md; performance-ai/evaluation-replay.json","All20 current final solutions compile with zero errors against canonical packages; historical producer/correction provenance remains UNVERIFIED in G21-25/G21-29/G21-30.","performance-ai/matrix.csv"
"21","G21-24","Semantic correctness recorded and reproducible","UNVERIFIED","performance-ai/matrix.csv; all fixed suites and final solutions;report.md A06; performance-ai/main-session-replay.md","Original lane qualification: Final counts present;new rerun pending and multiple-accepting observation-order oracle absent; current execution/limitations are in the joined replay receipt.","performance-ai/matrix.csv"
"21","G21-25","Correction feedback recorded","UNVERIFIED","performance-ai/matrix.csv; Evaluation.runVerify;four round2 records;report.md A04; performance-ai/main-session-replay.md","Original lane qualification: Missing earlier solution/output/feedback receipts;round is caller supplied and record overwritten; current execution/limitations are in the joined replay receipt.","performance-ai/matrix.csv"
"21","G21-26","Consumer-side LOC recorded","PASS","performance-ai/matrix.csv; evaluation-inventory.csv;Loc.fs; performance-ai/main-session-replay.md","Original lane qualification: All20 counts independently match;means78.2 idiomatic and93.5 FunnySharp; current execution/limitations are in the joined replay receipt.","performance-ai/matrix.csv"
"21","G21-27","API misuse recorded","UNVERIFIED","performance-ai/matrix.csv; all20 records;Evaluation.fs;report.md A04; performance-ai/main-session-replay.md","Original lane qualification: Final FS lists are empty;no historical analyzer-loading or earlier-round diagnostic receipts; current execution/limitations are in the joined replay receipt.","performance-ai/matrix.csv"
"21","G21-28","Maintainer readability judgment recorded","PASS","performance-ai/matrix.csv; all10 review JSON and assignments;report.md measurements; performance-ai/main-session-replay.md","Original lane qualification: All preferences and ratings recompute;no claim of a readability win; current execution/limitations are in the joined replay receipt.","performance-ai/matrix.csv"
"21","G21-29","More than one curated prompt or one model run as evidence","UNVERIFIED","performance-ai/matrix.csv; all task prompts and run folders;report.md A04; performance-ai/main-session-replay.md","Original lane qualification: Five prompts and20 final folders exist but independent producer/model run provenance is missing; current execution/limitations are in the joined replay receipt.","performance-ai/matrix.csv"
"21","G21-30","Task model run solution and reviewer provenance","UNVERIFIED","performance-ai/matrix.csv; evaluation-inventory.csv;report.md A04; performance-ai/main-session-replay.md","Original lane qualification: Current hashes supplied;historical execution and maintainer identities not bound; current execution/limitations are in the joined replay receipt.","performance-ai/matrix.csv"
"21","G21-31","AI friendliness from consistent types rather than hidden prompt instructions","UNVERIFIED","performance-ai/matrix.csv; ASP.NET FunnySharp prompt;ai-usability-goal-21.md;report.md A05; performance-ai/main-session-replay.md","Original lane qualification: Public type strategy supported but claimed hint-free discovery contradicts explicit integration hints and missing transcripts; current execution/limitations are in the joined replay receipt.","performance-ai/matrix.csv"
"21","G21-32","No duplicate convenience API strategy","PASS","performance-ai/matrix.csv; docs/grammar.md;product-contract.md;shipping source search; performance-ai/main-session-replay.md","Original lane qualification: Canonical carriers and deliberate alias/exclusion policy;no second absence carrier found; current execution/limitations are in the joined replay receipt.","performance-ai/matrix.csv"
"22","G22-22.01","Realistic ASP.NET application consuming produced packages through public APIs","PASS","release-slice/matrix.csv; Api csproj; package-inspection.json; main-session-runtime.md; release-slice/main-session-reconcile.md","Original lane qualification: Manual isolated package consumer build passed; official harness failure retained separately; current execution/limitations are in the joined replay receipt.","release-slice/matrix.csv"
"22","G22-22.02","External-input validation","PASS","release-slice/matrix.csv; OrderRequestValidation; 49 consumer tests; live-http.json; release-slice/main-session-reconcile.md","Original lane qualification: Main executed real 400 and package-consuming validation tests; current execution/limitations are in the joined replay receipt.","release-slice/matrix.csv"
"22","G22-22.03","Refined or already-validated domain values","PASS","release-slice/matrix.csv; Domain factories; OrderRequestValidation; consumer tests; release-slice/main-session-reconcile.md","Original lane qualification: Domain commands use validated values; current execution/limitations are in the joined replay receipt.","release-slice/matrix.csv"
"22","G22-22.04","Value-producing domain outcomes","PASS","release-slice/matrix.csv; OrderService; OrderEndpoints; live-http.json; release-slice/main-session-reconcile.md","Original lane qualification: Main exercised real success and typed failure; current execution/limitations are in the joined replay receipt.","release-slice/matrix.csv"
"22","G22-22.05","No-value domain outcomes","PASS","release-slice/matrix.csv; OrderService.CancelAsync; live-http.json; release-slice/main-session-reconcile.md","Original lane qualification: Main exercised 204; current execution/limitations are in the joined replay receipt.","release-slice/matrix.csv"
"22","G22-22.06","Asynchronous persistence or I/O","PASS","release-slice/matrix.csv; IOrderStore; OrderService; consumer tests and HTTP; release-slice/main-session-reconcile.md","Original lane qualification: Actual package-consuming application executed; current execution/limitations are in the joined replay receipt.","release-slice/matrix.csv"
"22","G22-22.07","Request cancellation","PASS","release-slice/matrix.csv; CancellationTests; StreamingExportTests; main-session-runtime.md; release-slice/main-session-reconcile.md","Original lane qualification: 49 consumer tests include exact-token and real disconnect assertions; current execution/limitations are in the joined replay receipt.","release-slice/matrix.csv"
"22","G22-22.08","Bounded parallel work","PASS","release-slice/matrix.csv; SupplierQuoting; BoundedParallelismTests; consumer test receipt; release-slice/main-session-reconcile.md","Original lane qualification: Admission refill and cap tests executed; current execution/limitations are in the joined replay receipt.","release-slice/matrix.csv"
"22","G22-22.09","Streaming where beneficial","PASS","release-slice/matrix.csv; ExportEndpoints; SupplierEndpoints; consumer tests; live-http.json; release-slice/main-session-reconcile.md","Original lane qualification: Real NDJSON plus gated first-row/disconnect tests; current execution/limitations are in the joined replay receipt.","release-slice/matrix.csv"
"22","G22-22.10","Pure state decisions and separate command interpretation","PASS","release-slice/matrix.csv; OrderLifecycle; OrderCommandExecutor; lifecycle tests; release-slice/main-session-reconcile.md","Original lane qualification: Emitted command order and replay tested; current execution/limitations are in the joined replay receipt.","release-slice/matrix.csv"
"22","G22-22.11","Explicit HTTP error mapping","PASS","release-slice/matrix.csv; ProblemMappings; ProblemMappingTests; live-http.json; release-slice/main-session-reconcile.md","Original lane qualification: Typed failure mappings executed; specific reconciliation reproduction pending separately; current execution/limitations are in the joined replay receipt.","release-slice/matrix.csv"
"22","G22-22.12","Minimal API results reflect possible outcomes","PASS","release-slice/matrix.csv; OrderEndpoints; SupplierEndpoints; endpoint tests; release-slice/main-session-reconcile.md","Original lane qualification: Actual success/failure status tests executed; current execution/limitations are in the joined replay receipt.","release-slice/matrix.csv"
"22","G22-22.13","ProblemDetails reflect possible outcomes","PASS","release-slice/matrix.csv; ProblemMappings; UnexpectedExceptionTests; live-http.json; release-slice/main-session-reconcile.md","Original lane qualification: Real problem responses and exception-boundary tests; current execution/limitations are in the joined replay receipt.","release-slice/matrix.csv"
"22","G22-22.14","Typed-result metadata fidelity","FAIL","release-slice/matrix.csv; OrderEndpoints reconcile metadata; OrderService.ReconcileAsync; ReconcileProbe; release-slice/main-session-reconcile.md; release-slice/reconcile-http.json","Actual typed history-diverged500 is absent from same Kestrel application OpenAPI response set200/404/503.","release-slice/matrix.csv"
"22","G22-22.15","OpenAPI accurately reflects possible outcomes","FAIL","release-slice/matrix.csv; Same source chain; OpenApiTests; ReconcileProbe; release-slice/main-session-reconcile.md; release-slice/reconcile-http.json","Actual typed history-diverged500 is absent from same Kestrel application OpenAPI response set200/404/503.","release-slice/matrix.csv"
"22","G22-22.16","No HTTP types leak into domain","PASS","release-slice/matrix.csv; Completed search of 36 Domain/Application C# files; release-slice/main-session-reconcile.md","Original lane qualification: Structural criterion independently checked; current execution/limitations are in the joined replay receipt.","release-slice/matrix.csv"
"22","G22-22.17","No unexpected exception swallowed or fabricated as domain outcome","PASS","release-slice/matrix.csv; UnexpectedExceptionHandler; UnexpectedExceptionTests; consumer test receipt; release-slice/main-session-reconcile.md","Original lane qualification: Exception identity and generic boundary response tested; current execution/limitations are in the joined replay receipt.","release-slice/matrix.csv"
"22","G22-22.18","No global service location","PASS","release-slice/matrix.csv; VerticalSliceApp; endpoint parameters; completed source search; release-slice/main-session-reconcile.md","Original lane qualification: Composition registration and explicit dependencies; current execution/limitations are in the joined replay receipt.","release-slice/matrix.csv"
"22","G22-22.19","No forced FunnySharp runtime","PASS","release-slice/matrix.csv; Application/domain source; actual nuspecs; release-slice/main-session-reconcile.md","Original lane qualification: BCL carriers and ASP.NET host without FunnySharp execution runtime; current execution/limitations are in the joined replay receipt.","release-slice/matrix.csv"
"22","G22-22.20","Maintainable idiomatic-C# comparison","PASS","release-slice/matrix.csv; Baseline project; call-site guide; measurements.json; release-slice/main-session-reconcile.md","Original lane qualification: Both applications built and ten scenarios compared; current execution/limitations are in the joined replay receipt.","release-slice/matrix.csv"
"22","G22-22.21","Comparison states removed ceremony and added semantics","PASS","release-slice/matrix.csv; vertical-slice-call-sites.md; release-slice/main-session-reconcile.md","Original lane qualification: Explicit boilerplate and semantics trade-offs; current execution/limitations are in the joined replay receipt.","release-slice/matrix.csv"
"22","G22-22.22","Shortness does not hide cancellation allocation or failures","PASS","release-slice/matrix.csv; Comparison guide; consumer tests; measurements.json; release-slice/main-session-reconcile.md","Original lane qualification: Unbounded baseline quote stream and allocation costs disclosed; current execution/limitations are in the joined replay receipt.","release-slice/matrix.csv"
"22","G22-22.23","Package-consumer build and test evidence","PASS","release-slice/matrix.csv; main-session-runtime.md; release-slice/main-session-reconcile.md","Original lane qualification: Manual config-feed proof passes; official 13-step harness FAIL is SDK/NuGet normalization; current execution/limitations are in the joined replay receipt.","release-slice/matrix.csv"
"22","G22-22.24","Endpoint and OpenAPI integration evidence","PASS","release-slice/matrix.csv; 49 consumer tests; live-http.json; release-slice/main-session-reconcile.md","Original lane qualification: RS-22-01 remains an independent failure despite ordinary test PASS; current execution/limitations are in the joined replay receipt.","release-slice/matrix.csv"
"22","G22-22.25","Cancellation and failure-path test evidence","PASS","release-slice/matrix.csv; main-session-runtime.md; cancellation/streaming/problem suites; release-slice/main-session-reconcile.md","Original lane qualification: 49 passed zero failed/skipped; current execution/limitations are in the joined replay receipt.","release-slice/matrix.csv"
"22","G22-22.26","Compiled examples","PASS","release-slice/matrix.csv; ../baseline/main-session-checks.md; release-slice/main-session-reconcile.md","Original lane qualification: Examples executed and 56 snippets across 11 guides verified; current execution/limitations are in the joined replay receipt.","release-slice/matrix.csv"
"22","G22-22.27","Maintainer-reviewed call-site comparison","PASS","release-slice/matrix.csv; vertical-slice-evidence.md dated accepted review; release-slice/main-session-reconcile.md","Original lane qualification: Documentary maintainer review; not performance proof; current execution/limitations are in the joined replay receipt.","release-slice/matrix.csv"
"22","G22-22.28","Relevant end-to-end allocation throughput or latency measurements","PASS","release-slice/matrix.csv; measurements.json; independent-runtime-review.md; release-slice/main-session-reconcile.md","Original lane qualification: Ten equivalent scenarios; shared-host timing descriptive only; current execution/limitations are in the joined replay receipt.","release-slice/matrix.csv"
"22","G22-22.29","No competitor compatibility used as acceptance evidence","PASS","release-slice/matrix.csv; Actual nuspecs; consumer and baseline references; release-slice/main-session-reconcile.md","Original lane qualification: No competitor dependency or compatibility proof used; current execution/limitations are in the joined replay receipt.","release-slice/matrix.csv"
"23","G23-23.01","Release-quality preview consistently expresses accepted constitution","FAIL","release-slice/matrix.csv; report.md; matrix.csv; baseline and runtime evidence; release-slice/main-session-reconcile.md","Original lane qualification: OpenAPI and enforcement findings prevent overall PASS; current execution/limitations are in the joined replay receipt.","release-slice/matrix.csv"
"23","G23-23.02","No release-hardening scope expansion","PASS","release-slice/matrix.csv; Frozen candidate; audit-only additions; release-slice/main-session-reconcile.md","Original lane qualification: No implementation fixes or contract changes; current execution/limitations are in the joined replay receipt.","release-slice/matrix.csv"
"23","G23-23.03","Stable API intentional names","UNVERIFIED","release-slice/matrix.csv; Committed/built API baseline; grammar; release-slice/main-session-reconcile.md","Original lane qualification: Aggregate grammar/carrier lane semantic judgments required; current execution/limitations are in the joined replay receipt.","release-slice/matrix.csv"
"23","G23-23.04","Stable API intentional generic parameter order","PASS","release-slice/matrix.csv; Actual baseline verification; 49 types and 492 members; release-slice/main-session-reconcile.md","Original lane qualification: Renderer records parameter order; constraints limitation remains disclosed; current execution/limitations are in the joined replay receipt.","release-slice/matrix.csv"
"23","G23-23.05","Stable API intentional nullability","UNVERIFIED","release-slice/matrix.csv; Nullable enabled; actual baseline; source contracts; release-slice/main-session-reconcile.md","Original lane qualification: Aggregate package compiler/nullability semantic evidence required; current execution/limitations are in the joined replay receipt.","release-slice/matrix.csv"
"23","G23-23.06","Stable API exception contracts","UNVERIFIED","release-slice/matrix.csv; Shipped XML; semantic tests; renderer limits; release-slice/main-session-reconcile.md","Original lane qualification: XML counts alone do not prove every stable member contract; current execution/limitations are in the joined replay receipt.","release-slice/matrix.csv"
"23","G23-23.07","Stable API cancellation contracts","PASS","release-slice/matrix.csv; Compatibility Core scenarios; cancellation tests; release-slice/main-session-reconcile.md","Original lane qualification: Identity stack token canceled-state and timeout-cleanup precedence probes execute; current execution/limitations are in the joined replay receipt.","release-slice/matrix.csv"
"23","G23-23.08","Stable API sync/async relationships","UNVERIFIED","release-slice/matrix.csv; API baseline; paired HTTP Task/ValueTask members; release-slice/main-session-reconcile.md","Original lane qualification: Aggregate async/grammar lane judgments required; current execution/limitations are in the joined replay receipt.","release-slice/matrix.csv"
"23","G23-23.09","Stable API XML documentation","UNVERIFIED","release-slice/matrix.csv; package-inspection.json 500 documented entries; zero-warning build; release-slice/main-session-reconcile.md","Original lane qualification: Semantic adequacy and exported-member coverage require aggregate review; current execution/limitations are in the joined replay receipt.","release-slice/matrix.csv"
"23","G23-23.10","Stable API compatibility commitments","PASS","release-slice/matrix.csv; versioning.md; API baseline; external consumers; release-slice/main-session-reconcile.md","Original lane qualification: Baseline limitations disclosed; no current break inferred from those limitations; current execution/limitations are in the joined replay receipt.","release-slice/matrix.csv"
"23","G23-23.11","Experimental APIs unmistakable","PASS","release-slice/matrix.csv; FS0017 source attributes; stability inventory; release-slice/main-session-reconcile.md; async-advanced/main-session-probes.stdout.txt; constitution-grammar/package-inventory.stdout.txt","Actual package inventory independently executed:17 FS0017 markers, no forbidden carrier/union/compatibility type or conversion; runtime references platform-only.","release-slice/matrix.csv"
"23","G23-23.12","Experimental APIs do not acquire stable promise","PASS","release-slice/matrix.csv; versioning.md; stability-inventory.md; release-slice/main-session-reconcile.md","Original lane qualification: Explicit no-compatibility-promise tier; current execution/limitations are in the joined replay receipt.","release-slice/matrix.csv"
"23","G23-23.13","Quick starts present Option Result UnitResult Validation","PASS","release-slice/matrix.csv; Documentation compilation; guide inventory; release-slice/main-session-reconcile.md","Original lane qualification: Canonical carrier semantics additionally reviewed by carrier lane; current execution/limitations are in the joined replay receipt.","release-slice/matrix.csv"
"23","G23-23.14","Guides cover grammar and collections","PASS","release-slice/matrix.csv; Documentation snippets and guide coverage; release-slice/main-session-reconcile.md","Original lane qualification: Behavioral adequacy belongs to corresponding semantic lanes; current execution/limitations are in the joined replay receipt.","release-slice/matrix.csv"
"23","G23-23.15","Guides cover async streaming and concurrency","PASS","release-slice/matrix.csv; Documentation snippets and guide coverage; release-slice/main-session-reconcile.md","Original lane qualification: Related package consumer behavior executed; current execution/limitations are in the joined replay receipt.","release-slice/matrix.csv"
"23","G23-23.16","Guides cover advanced patterns and analyzers","PASS","release-slice/matrix.csv; Documentation snippets; stability/analyzer guides; release-slice/main-session-reconcile.md","Original lane qualification: Advanced and AI judgments remain separately attributed; current execution/limitations are in the joined replay receipt.","release-slice/matrix.csv"
"23","G23-23.17","Guides cover performance and ASP.NET Core","PASS","release-slice/matrix.csv; Compiled docs; runtime HTTP; guide coverage; release-slice/main-session-reconcile.md","Original lane qualification: Numeric/AI claim strength reviewed independently; current execution/limitations are in the joined replay receipt.","release-slice/matrix.csv"
"23","G23-23.18","Every documented code sample compiles","PASS","release-slice/matrix.csv; ../baseline/main-session-checks.md; release-slice/main-session-reconcile.md","Original lane qualification: 56 byte-exact primary snippets compile; comparison excerpts are explanatory fragments; current execution/limitations are in the joined replay receipt.","release-slice/matrix.csv"
"23","G23-23.19","BCL-first package dependency boundary","PASS","release-slice/matrix.csv; package-inspection.json actual nuspecs; release-slice/main-session-reconcile.md","Original lane qualification: Core empty runtime group; ASP.NET only matching core and framework; current execution/limitations are in the joined replay receipt.","release-slice/matrix.csv"
"23","G23-23.20","No competitor dependency or compatibility surface","PASS","release-slice/matrix.csv; Actual nuspecs; API baseline; release-slice/main-session-reconcile.md; async-advanced/main-session-probes.stdout.txt; constitution-grammar/package-inventory.stdout.txt","Actual package inventory independently executed:17 FS0017 markers, no forbidden carrier/union/compatibility type or conversion; runtime references platform-only.","release-slice/matrix.csv"
"23","G23-23.21","Package metadata verified through external consumers","PASS","release-slice/matrix.csv; Actual nuspecs; consumer restores/execution; release-slice/main-session-reconcile.md","Original lane qualification: Exact commit version MIT repository and package graph; current execution/limitations are in the joined replay receipt.","release-slice/matrix.csv"
"23","G23-23.22","Versioning verified through external consumers","PASS","release-slice/matrix.csv; 0.1.0 identities; versioning.md; consumer receipts; release-slice/main-session-reconcile.md","Original lane qualification: Feed/attempt scope retained separately; current execution/limitations are in the joined replay receipt.","release-slice/matrix.csv"
"23","G23-23.23","API compatibility baseline verified through consumers","PASS","release-slice/matrix.csv; Actual baseline gate; package consumer builds; release-slice/main-session-reconcile.md","Original lane qualification: 49 types and 492 members verified; current execution/limitations are in the joined replay receipt.","release-slice/matrix.csv"
"23","G23-23.24","Release notes verified through consumers","PASS","release-slice/matrix.csv; release-notes.md; local and CI consumer evidence; release-slice/main-session-reconcile.md","Original lane qualification: Explicit platform/AOT/trim claims checked at recorded package identities; current execution/limitations are in the joined replay receipt.","release-slice/matrix.csv"
"23","G23-23.25","Trimming claims verified externally","PASS","release-slice/matrix.csv; Local compatibility receipt; CI canonical receipts; release-slice/main-session-reconcile.md","Original lane qualification: Actual matching-host trimmed binaries executed; current execution/limitations are in the joined replay receipt.","release-slice/matrix.csv"
"23","G23-23.26","Native AOT claims verified externally","PASS","release-slice/matrix.csv; Local compatibility receipt; CI canonical receipts; release-slice/main-session-reconcile.md","Original lane qualification: Actual native binaries executed; no package IsAotCompatible promise imposed; current execution/limitations are in the joined replay receipt.","release-slice/matrix.csv"
"23","G23-23.27","Supported runtime claims verified externally","PASS","release-slice/matrix.csv; Downloaded four-platform receipts and source fingerprints; release-slice/main-session-reconcile.md","Original lane qualification: CI canonical set distinguished from local canonical set; current execution/limitations are in the joined replay receipt.","release-slice/matrix.csv"
"23","G23-23.28","Benchmark claims link to reproducible evidence and do not exceed it","UNVERIFIED","release-slice/matrix.csv; Performance manifests/docs; independent measurement review; release-slice/main-session-reconcile.md","Original lane qualification: Independent performance-AI lane claim/reproducibility verdict required; current execution/limitations are in the joined replay receipt.","release-slice/matrix.csv"
"23","G23-23.29","AI claims link to reproducible evidence and do not exceed it","UNVERIFIED","release-slice/matrix.csv; Analyzer/evaluation evidence linkage; release-slice/main-session-reconcile.md","Original lane qualification: Independent performance-AI lane verdict required; table links alone insufficient; current execution/limitations are in the joined replay receipt.","release-slice/matrix.csv"
"23","G23-23.30","General discriminated unions remain excluded","PASS","release-slice/matrix.csv; Product/release/stability exclusions; API baseline; release-slice/main-session-reconcile.md; async-advanced/main-session-probes.stdout.txt; constitution-grammar/package-inventory.stdout.txt","Actual package inventory independently executed:17 FS0017 markers, no forbidden carrier/union/compatibility type or conversion; runtime references platform-only.","release-slice/matrix.csv"
"23","G23-23.31","Clean restore/build/xUnit/package evidence","PASS","release-slice/matrix.csv; ../baseline/report.md; corrected local release PASS; release-slice/main-session-reconcile.md","Original lane qualification: 1099 passed zero failed/skipped; zero build warnings/errors; four packages; current execution/limitations are in the joined replay receipt.","release-slice/matrix.csv"
"23","G23-23.32","Compiled documentation evidence","PASS","release-slice/matrix.csv; ../baseline/main-session-checks.md; release-slice/main-session-reconcile.md","Original lane qualification: 56 snippets across 11 guides verified; current execution/limitations are in the joined replay receipt.","release-slice/matrix.csv"
"23","G23-23.33","Public API and dependency inventories","PASS","release-slice/matrix.csv; Actual baseline receipt; package-inspection.json; release-slice/main-session-reconcile.md","Original lane qualification: Inventories inspected; limitations do not establish complete semantic coverage; current execution/limitations are in the joined replay receipt.","release-slice/matrix.csv"
"23","G23-23.34","Package-consumer compatibility evidence","PASS","release-slice/matrix.csv; Local four-scenario compatibility and CI receipts; release-slice/main-session-reconcile.md; release-slice/compatibility-normal-results.json; release-slice/ci-verification.json","Four local trim/AOT and two normal win-x64 binaries executed; CIcanonical four-platform evidence verified separately; package hashes never conflated.","release-slice/matrix.csv"
"23","G23-23.35","Trim/AOT evidence where claimed","PASS","release-slice/matrix.csv; Local actual binaries; CI canonical platform consumers; release-slice/main-session-reconcile.md","Original lane qualification: RID SDK runtime and package hashes scoped; current execution/limitations are in the joined replay receipt.","release-slice/matrix.csv"
"23","G23-23.36","Fail-closed release-readiness record","FAIL","release-slice/matrix.csv; release-readiness.md; corrected local release PASS; enforcement readback; release-slice/main-session-reconcile.md","Original lane qualification: Local gate PASS does not establish repository enforcement or final P/A/I artifacts; current execution/limitations are in the joined replay receipt.","release-slice/matrix.csv"
"23","G23-23.37","Publication requires separate explicit authorization","PASS","release-slice/matrix.csv; Goal contract; no publication performed; release-slice/main-session-reconcile.md","Original lane qualification: No publication authority inferred; current execution/limitations are in the joined replay receipt.","release-slice/matrix.csv"
"23","G23-R.01","Initially empty attempt-local cache and clean release state","PASS","release-slice/matrix.csv; Corrected local attempt goal24-local-2 PASS reported by main; release-slice/main-session-reconcile.md","Original lane qualification: Original attempt receipts retain exact command cache and package identities; current execution/limitations are in the joined replay receipt.","release-slice/matrix.csv"
"23","G23-R.02","Required Linux and macOS arm64 release/trim/AOT proof","PASS","release-slice/matrix.csv; Downloaded CI source-release and canonical-consumer receipts; release-slice/main-session-reconcile.md","Original lane qualification: Current candidate and actual package/source hashes inspected; current execution/limitations are in the joined replay receipt.","release-slice/matrix.csv"
"23","G23-R.03","Required Intel macOS bounded canonical smoke","PASS","release-slice/matrix.csv; CI osx-x64 CoreSmoke/AspNetCoreSmoke receipt; release-slice/main-session-reconcile.md","Original lane qualification: Published DLL hashes equal CI canonical package assemblies; current execution/limitations are in the joined replay receipt.","release-slice/matrix.csv"
"23","G23-R.04","Authorized four-context ruleset and deliberate blocking proof","FAIL","release-slice/matrix.csv; main-session-runtime.md rulesets [] and main protection 404; release-slice/main-session-reconcile.md","Original lane qualification: Required enforcement absent from observed control plane; blocking proof not established; current execution/limitations are in the joined replay receipt.","release-slice/matrix.csv"
"23","G23-R.05","Feed absence before authoritative pack and final verdict","PASS","release-slice/matrix.csv; CI Windows preflight/final; corrected local release receipts; release-slice/main-session-reconcile.md","Original lane qualification: Only recorded feeds and attempts; never a timeless absence promise; current execution/limitations are in the joined replay receipt.","release-slice/matrix.csv"
"23","G23-R.06","Immutable bundle independent attestation and external index","UNVERIFIED","release-slice/matrix.csv; Release-readiness evidence-freeze contract; release-slice/main-session-reconcile.md","Original lane qualification: Exact P A I artifacts and bindings must be supplied or remain UNVERIFIED; current execution/limitations are in the joined replay receipt.","release-slice/matrix.csv"
"18","G18-CANCELLATION-PUBLICATION","Preserve consumer cancellation during an in-flight ordered pull","FAIL","async-advanced/main-session-probes.stdout.txt; async-advanced/main-session-replay.md; src/FunnySharp/ParallelAsyncEnumerableExtensions.cs:308-325","P01 returns a value after cancellation; P02 completion-order control publishes caller-token OperationCanceledException; cleanup completed45/45.","Main-session package reproduction"
